TransactionID,ProductName,Reason,Price/Unit,UnitSold,SalesValue,Returns
56021,Saree,Misleading Info,2527,5,12635,1
56033,Kurta,Defective Product,866,8,6928,2
56045,Kurta,Wrong Size,237,6,1422,1
56057,Kurta,Defective Product,225,10,2250,2
56069,Lehenga,Wrong Size,5324,3,15972,1
56081,Kurta,Misleading Info,2193,10,21930,1
56093,Jeans,Defective Product,2399,4,9596,1
56105,Jeans,Wrong Material,4648,4,18592,1
56117,Palazzo Pants,Misleading Info,1644,8,13152,2
56129,Lehenga,Misleading Info,6831,8,54648,1
56141,Lehenga,Misleading Info,12249,5,61245,1
56153,Palazzo Pants,Misleading Info,1324,5,6620,1
56165,Shirt,Defective Product,16184,5,80920,2
56177,Kurta,Misleading Info,1868,7,13076,1
56189,Churidars,Defective Product,1113,9,10017,1
56201,Salwar Kameez,Wrong Size,2269,3,6807,1
56213,Kurta,Misleading Info,1118,1,1118,1
56225,Shirt,Misleading Info,847,6,5082,2
56237,Kurta,Misleading Info,428,10,4280,1
56249,Palazzo Pants,Defective Product,2390,5,11950,1
56261,Tunic Top,Misleading Info,1002,9,9018,1
56273,Saree,Poor Quality,3369,9,30321,1
56285,Shirt,Color Issues,4894,1,4894,1
56297,Palazzo Pants,Misleading Info,797,6,4782,2
56309,Shirt,Misleading Info,7504,4,30016,1
56321,Kurta,Misleading Info,2924,9,26316,1
56333,Sherwani,Defective Product,24904,3,74712,1
56345,Kurta,Misleading Info,864,6,5184,1
56357,Tunic Top,Color Issues,2711,9,24399,1
56369,Tunic Top,Misleading Info,1865,8,14920,1
56381,Shirt,Defective Product,6895,9,62055,1
56393,Dupatta,Misleading Info,969,2,1938,1
56405,Churidars,Misleading Info,1864,4,7456,2
56417,Shirt,Misleading Info,780,5,3900,1
56429,Tunic Top,Defective Product,1323,8,10584,1
56441,Jeans,Misleading Info,909,8,7272,1
56453,Kurta,Misleading Info,2085,5,10425,1
56465,Shirt,Defective Product,17752,4,71008,2
56477,Salwar Kameez,Color Issues,461,9,4149,2
56489,Kurta,Defective Product,2364,10,23640,1
56501,Shirt,Misleading Info,2520,1,2520,1
56513,Jeans,Defective Product,1656,2,3312,1
56525,Kurta,Misleading Info,5757,6,34542,1
56537,Churidars,Defective Product,805,1,805,1
56549,Skirt,Defective Product,2369,6,14214,1
56561,Kurta,Misleading Info,1404,7,9828,1
56573,Churidars,Misleading Info,1025,4,4100,1
56585,Shirt,Defective Product,20860,9,187740,1
56597,Skirt,Defective Product,1254,6,7524,2
56609,Palazzo Pants,Defective Product,2412,4,9648,1
56621,Skirt,Defective Product,1839,1,1839,1
56633,Kurta,Misleading Info,1602,7,11214,1
56645,Shirt,Defective Product,4197,6,25182,1
56657,Skirt,Defective Product,3071,5,15355,1
56669,Tunic Top,Misleading Info,921,5,4605,2
56681,Palazzo Pants,Misleading Info,2053,10,20530,1
56693,Skirt,Misleading Info,2285,2,4570,1
56705,Kurta,Wrong Material,4419,5,22095,1
56717,Shirt,Defective Product,3280,7,22960,1
56729,Shirt,Defective Product,3938,8,31504,1
56741,Shirt,Defective Product,9553,4,38212,2
56753,Blazers,Defective Product,6177,10,61770,1
56765,Kurta,Defective Product,2948,9,26532,1
56777,Blazers,Wrong Size,4513,6,27078,1
56789,Kurta,Color Issues,3064,3,9192,1
56801,Lehenga,Defective Product,8695,2,17390,1
56813,Sherwani,Defective Product,11666,8,93328,1
56825,Salwar Kameez,Wrong Size,2398,8,19184,1
56837,Kurta,Misleading Info,1854,6,11124,2
56849,Sherwani,Misleading Info,15602,9,140418,1
56861,Jeans,Color Issues,3526,4,14104,1
56873,Shirt,Defective Product,7296,9,65664,1
56885,Shirt,Misleading Info,1940,3,5820,1
56897,Kurta,Defective Product,3506,4,14024,1
56909,Jeans,Wrong Size,4614,1,4614,1
56921,Palazzo Pants,Misleading Info,2664,4,10656,1
56933,Palazzo Pants,Misleading Info,718,6,4308,2
56945,Palazzo Pants,Defective Product,654,4,2616,1
56957,Salwar Kameez,Color Issues,2482,10,24820,1
56969,Tunic Top,Misleading Info,1603,10,16030,1
56981,Kurta,Wrong Material,1322,9,11898,1
56993,Shirt,Defective Product,23081,5,115405,1
57005,Skirt,Defective Product,1651,8,13208,2
57017,Churidars,Wrong Size,1938,10,19380,1
57029,Salwar Kameez,Defective Product,473,6,2838,1
57041,Lehenga,Wrong Size,10447,3,31341,1
57053,Sherwani,Misleading Info,5911,8,47288,1
57065,Jeans,Defective Product,4206,10,42060,1
57077,Churidars,Color Issues,2182,3,6546,1
57089,Churidars,Misleading Info,3483,1,3483,1
57101,Salwar Kameez,Defective Product,416,5,2080,2
57113,Jeans,Wrong Size,4034,3,12102,1
57125,Shirt,Defective Product,2452,6,14712,1
57137,Palazzo Pants,Defective Product,2483,2,4966,1
57149,Palazzo Pants,Defective Product,861,1,861,1
57161,Shirt,Defective Product,6958,4,27832,1
57173,Skirt,Defective Product,3820,2,7640,1
57185,Tunic Top,Defective Product,2663,7,18641,1
57197,Kurta,Misleading Info,2949,8,23592,1
57209,Salwar Kameez,Misleading Info,1461,1,1461,1
57221,Kurta,Misleading Info,1416,2,2832,1
57233,Kurta,Misleading Info,1154,3,3462,1
57245,Churidars,Defective Product,1344,10,13440,1
57257,Sherwani,Misleading Info,9685,10,96850,1
57269,Tunic Top,Defective Product,788,7,5516,1
57281,Jeans,Defective Product,1891,1,1891,1
57293,Lehenga,Defective Product,7567,5,37835,1
57305,Shirt,Misleading Info,3409,2,6818,1
57317,Jeans,Defective Product,5505,9,49545,1
57329,Churidars,Misleading Info,1170,4,4680,1
57341,Saree,Poor Quality,7393,3,22179,1
57353,Sherwani,Misleading Info,23303,10,233030,1
57365,Tunic Top,Misleading Info,1692,5,8460,1
57377,Tunic Top,Misleading Info,1793,1,1793,1
57389,Blazers,Misleading Info,5590,9,50310,1
57401,Kurta,Misleading Info,1299,8,10392,1
57413,Sherwani,Wrong Material,15074,4,60296,1
57425,Saree,Poor Quality,8731,4,34924,1
57437,Shirt,Misleading Info,18125,6,108750,1
57449,Shirt,Defective Product,4971,6,29826,1
57461,Shirt,Misleading Info,4097,4,16388,1
57473,Palazzo Pants,Defective Product,711,10,7110,1
57485,Tunic Top,Misleading Info,540,2,1080,1
57497,Jeans,Misleading Info,4650,10,46500,1
57509,Tunic Top,Wrong Size,1310,3,3930,1
57521,Shirt,Defective Product,7586,8,60688,1
57533,Kurta,Defective Product,23430,3,70290,1
57545,Churidars,Defective Product,2569,2,5138,1
57557,Shirt,Defective Product,4709,4,18836,1
57569,Shirt,Defective Product,4723,8,37784,1
57581,Lehenga,Defective Product,11834,9,106506,2
57593,Palazzo Pants,Misleading Info,1475,7,10325,1
57605,Sherwani,Misleading Info,21599,10,215990,1
57617,Saree,Defective Product,2102,8,16816,1
57629,Lehenga,Misleading Info,8245,2,16490,1
57641,Shirt,Defective Product,1214,9,10926,1
57653,Shirt,Misleading Info,1002,9,9018,1
57665,Tunic Top,Color Issues,1081,1,1081,1
57677,Churidars,Misleading Info,3211,2,6422,1
57689,Saree,Poor Quality,9599,7,67193,1
57701,Shirt,Defective Product,909,5,4545,1
57713,Skirt,Defective Product,583,1,583,1
57725,Shirt,Defective Product,2511,7,17577,1
57737,Kurta,Misleading Info,1590,5,7950,1
57749,Skirt,Defective Product,3226,10,32260,1
57761,Shirt,Misleading Info,1497,5,7485,1
57773,Tunic Top,Wrong Size,1487,7,10409,1
57785,Skirt,Defective Product,1330,2,2660,1
57797,Churidars,Defective Product,1821,7,12747,1
57809,Shirt,Defective Product,4712,8,37696,1
57821,Jeans,Defective Product,4638,2,9276,1
57833,Lehenga,Color Issues,8590,2,17180,1
57845,Kurta,Misleading Info,958,4,3832,2
57857,Sherwani,Color Issues,23373,6,140238,1
57869,Saree,Poor Quality,6147,8,49176,1
57881,Salwar Kameez,Misleading Info,2450,5,12250,1
57893,Kurta,Wrong Material,4395,3,13185,1
57905,Sherwani,Misleading Info,11774,4,47096,1
57917,Jeans,Defective Product,5620,1,5620,1
57929,Shirt,Defective Product,2529,4,10116,1
57941,Shirt,Misleading Info,11370,4,45480,1
57953,Kurta,Defective Product,4064,3,12192,1
57965,Lehenga,Wrong Size,11064,8,88512,1
57977,Churidars,Misleading Info,1117,7,7819,1
57989,Blazers,Misleading Info,5436,10,54360,1
58001,Kurta,Defective Product,9627,3,28881,1
58013,Tunic Top,Misleading Info,2185,1,2185,1
58025,Kurta,Misleading Info,944,3,2832,1
58037,Sherwani,Misleading Info,17014,6,102084,1
58049,Shirt,Defective Product,8851,2,17702,1
58061,Lehenga,Wrong Size,7664,2,15328,1
58073,Shirt,Misleading Info,4179,8,33432,1
58085,Shirt,Defective Product,2909,8,23272,1
58097,Lehenga,Misleading Info,6833,10,68330,1
58109,Shirt,Defective Product,5232,8,41856,1
58121,Jeans,Misleading Info,4942,1,4942,1
58133,Tunic Top,Misleading Info,2860,9,25740,1
58145,Jeans,Defective Product,1209,7,8463,2
58157,Shirt,Defective Product,3833,6,22998,1
58169,Shirt,Misleading Info,22914,1,22914,1
58181,Shirt,Defective Product,1669,4,6676,1
58193,Kurta,Misleading Info,5199,9,46791,1
58205,Salwar Kameez,Color Issues,1155,7,8085,1
58217,Salwar Kameez,Wrong Size,1112,2,2224,1
58229,Shirt,Misleading Info,1793,6,10758,1
58241,Shirt,Defective Product,4629,1,4629,1
58253,Dupatta,Defective Product,811,9,7299,1
58265,Kurta,Misleading Info,2477,5,12385,1
58277,Kurta,Color Issues,3549,8,28392,1
58289,Sherwani,Misleading Info,17128,5,85640,1
58301,Shirt,Defective Product,1547,1,1547,1
58313,Jeans,Color Issues,3487,7,24409,1
58325,Jeans,Color Issues,3095,6,18570,1
58337,Churidars,Wrong Size,2102,1,2102,1
58349,Sherwani,Color Issues,23711,5,118555,1
58361,Palazzo Pants,Defective Product,1117,4,4468,1
58373,Shirt,Defective Product,15865,9,142785,1
58385,Shirt,Misleading Info,2437,4,9748,1
58397,Churidars,Misleading Info,2904,8,23232,2
58409,Shirt,Defective Product,602,2,1204,1
58421,Jeans,Misleading Info,3983,1,3983,1
58433,Kurta,Misleading Info,1950,9,17550,1
58445,Blazers,Misleading Info,7927,9,71343,1
58457,Shirt,Defective Product,7145,6,42870,1
58469,Tunic Top,Misleading Info,1263,8,10104,1
58481,Jeans,Defective Product,5736,3,17208,1
58493,Shirt,Misleading Info,21783,5,108915,1
58505,Kurta,Defective Product,2809,7,19663,1
58517,Kurta,Misleading Info,2011,3,6033,1
58529,Shirt,Defective Product,2513,8,20104,1
58541,Palazzo Pants,Defective Product,2070,3,6210,1
58553,Shirt,Defective Product,2633,5,13165,1
58565,Kurta,Defective Product,3977,4,15908,1
58577,Blazers,Defective Product,6125,5,30625,1
58589,Shirt,Misleading Info,6274,7,43918,1
58601,Palazzo Pants,Defective Product,1526,5,7630,1
58613,Shirt,Misleading Info,1109,8,8872,1
58625,Churidars,Misleading Info,3107,9,27963,1
58637,Kurta,Misleading Info,5804,7,40628,1
58649,Shirt,Defective Product,1710,1,1710,1
58661,Lehenga,Misleading Info,4304,2,8608,1
58673,Jeans,Defective Product,2832,5,14160,1
58685,Kurta,Misleading Info,2773,2,5546,1
58697,Shirt,Defective Product,17046,8,136368,1
58709,Shirt,Defective Product,683,10,6830,1
58721,Sherwani,Wrong Size,11124,3,33372,1
58733,Kurta,Defective Product,795,2,1590,1
58745,Kurta,Defective Product,5553,8,44424,1
58757,Shirt,Misleading Info,23108,4,92432,2
58769,Jeans,Defective Product,4801,2,9602,1
58781,Shirt,Defective Product,1215,6,7290,1
58793,Salwar Kameez,Misleading Info,2479,8,19832,1
58805,Kurta,Misleading Info,924,5,4620,1
58817,Sherwani,Misleading Info,6206,4,24824,1
58829,Kurta,Defective Product,1955,3,5865,1
58841,Tunic Top,Defective Product,2960,9,26640,1
58853,Churidars,Misleading Info,3375,6,20250,1
58865,Kurta,Misleading Info,1721,10,17210,1
58877,Lehenga,Defective Product,2892,3,8676,1
58889,Salwar Kameez,Color Issues,1215,5,6075,2
58901,Salwar Kameez,Wrong Size,718,6,4308,1
58913,Kurta,Misleading Info,2658,10,26580,1
58925,Shirt,Misleading Info,15000,4,60000,1
58937,Shirt,Misleading Info,1973,10,19730,1
58949,Tunic Top,Misleading Info,2089,10,20890,1
58961,Tunic Top,Defective Product,1788,4,7152,1
58973,Shirt,Misleading Info,1561,8,12488,1
58985,Shirt,Misleading Info,2724,4,10896,1
58997,Tunic Top,Misleading Info,2397,10,23970,1
59009,Kurta,Defective Product,1609,5,8045,2
59021,Shirt,Misleading Info,4556,8,36448,1
59033,Churidars,Misleading Info,852,3,2556,1
59045,Shirt,Misleading Info,3542,6,21252,1
59057,Palazzo Pants,Wrong Material,1094,7,7658,1
59069,Sherwani,Defective Product,15813,10,158130,1
59081,Shirt,Defective Product,5304,10,53040,1
59093,Salwar Kameez,Defective Product,1241,5,6205,1
59105,Skirt,Defective Product,1748,9,15732,1
59117,Palazzo Pants,Misleading Info,668,3,2004,1
59129,Kurta,Color Issues,2461,7,17227,1
59141,Shirt,Misleading Info,2260,1,2260,1
59153,Kurta,Defective Product,1187,4,4748,1
59165,Kurta,Defective Product,973,10,9730,1
59177,Kurta,Misleading Info,2069,4,8276,1
59189,Skirt,Color Issues,1799,5,8995,1
59201,Kurta,Wrong Material,2708,7,18956,1
59213,Palazzo Pants,Defective Product,1858,3,5574,1
59225,Palazzo Pants,Defective Product,614,9,5526,1
59237,Palazzo Pants,Color Issues,2473,10,24730,1
59249,Shirt,Color Issues,793,5,3965,1
59261,Jeans,Defective Product,2020,10,20200,1
59273,Tunic Top,Misleading Info,2138,3,6414,1
59285,Lehenga,Misleading Info,14731,2,29462,1
59297,Churidars,Misleading Info,1259,1,1259,1
59309,Lehenga,Misleading Info,14356,3,43068,1
59321,Sherwani,Defective Product,7506,7,52542,2
59333,Churidars,Defective Product,2697,1,2697,1
59345,Salwar Kameez,Defective Product,2316,5,11580,1
59357,Churidars,Misleading Info,1828,3,5484,1
59369,Jeans,Defective Product,5075,5,25375,1
59381,Lehenga,Misleading Info,6511,5,32555,1
59393,Kurta,Defective Product,1967,6,11802,1
59405,Lehenga,Misleading Info,6214,1,6214,1
59417,Kurta,Misleading Info,5863,1,5863,1
59429,Shirt,Misleading Info,2499,4,9996,1
59441,Kurta,Defective Product,887,6,5322,1
59453,Churidars,Defective Product,1174,7,8218,1
59465,Saree,Misleading Info,8179,7,57253,1
59477,Kurta,Defective Product,984,3,2952,1
59489,Shirt,Misleading Info,19108,9,171972,1
59501,Sherwani,Color Issues,8908,1,8908,1
59513,Tunic Top,Wrong Size,2545,7,17815,1
59525,Churidars,Wrong Size,2549,8,20392,1
59537,Salwar Kameez,Misleading Info,2926,9,26334,1
59549,Shirt,Defective Product,3571,10,35710,1
59561,Salwar Kameez,Misleading Info,990,7,6930,1
59573,Sherwani,Misleading Info,10613,4,42452,1
59585,Jeans,Defective Product,4750,10,47500,2
59597,Shirt,Defective Product,1590,10,15900,1
59609,Sherwani,Defective Product,23104,2,46208,1
59621,Jeans,Misleading Info,2768,5,13840,1
59633,Tunic Top,Misleading Info,437,4,1748,1
59645,Shirt,Poor Quality,7450,7,52150,1
59657,Salwar Kameez,Color Issues,1902,1,1902,1
59669,Sherwani,Wrong Size,10074,7,70518,1
59681,Jeans,Wrong Size,4580,6,27480,1
59693,Lehenga,Misleading Info,11384,5,56920,1
59705,Shirt,Misleading Info,4906,1,4906,1
59717,Kurta,Wrong Size,3205,10,32050,1
59729,Salwar Kameez,Defective Product,2898,3,8694,1
59741,Tunic Top,Misleading Info,333,9,2997,1
59753,Kurta,Misleading Info,1816,1,1816,1
59765,Shirt,Misleading Info,2099,1,2099,1
59777,Palazzo Pants,Misleading Info,1728,4,6912,1
59789,Sherwani,Defective Product,5385,1,5385,1
59801,Salwar Kameez,Misleading Info,1134,4,4536,1
59813,Jeans,Defective Product,5258,9,47322,1
59825,Palazzo Pants,Wrong Size,2917,8,23336,1
59837,Kurta,Misleading Info,3865,4,15460,1
59849,Jeans,Poor Quality,959,2,1918,1
59861,Shirt,Misleading Info,16820,5,84100,1
59873,Shirt,Defective Product,20263,8,162104,1
59885,Kurta,Misleading Info,766,6,4596,1
59897,Blazers,Misleading Info,7753,2,15506,1
59909,Churidars,Misleading Info,3096,7,21672,2
59921,Kurta,Misleading Info,3823,3,11469,1
59933,Shirt,Misleading Info,6552,7,45864,1
59945,Kurta,Defective Product,776,7,5432,1
59957,Shirt,Defective Product,1230,8,9840,1
59969,Kurta,Color Issues,585,2,1170,1
59981,Salwar Kameez,Poor Quality,1397,10,13970,2
59993,Kurta,Defective Product,471,10,4710,1
60005,Kurta,Misleading Info,922,8,7376,1
60017,Jeans,Color Issues,771,9,6939,1
60029,Jeans,Misleading Info,3680,10,36800,1
60041,Shirt,Wrong Material,6623,3,19869,1
60053,Salwar Kameez,Misleading Info,634,6,3804,1
60065,Shirt,Defective Product,9961,4,39844,1
60077,Tunic Top,Color Issues,1262,6,7572,1
60089,Tunic Top,Misleading Info,2540,5,12700,1
60101,Shirt,Misleading Info,4902,4,19608,1
60113,Shirt,Defective Product,8868,8,70944,1
60125,Tunic Top,Misleading Info,1552,6,9312,1
60137,Skirt,Color Issues,3563,10,35630,1
60149,Lehenga,Misleading Info,9070,4,36280,1
60161,Saree,Misleading Info,2899,4,11596,1
60173,Tunic Top,Misleading Info,1673,1,1673,1
60185,Skirt,Misleading Info,611,4,2444,1
60197,Lehenga,Misleading Info,3431,9,30879,1
60209,Shirt,Defective Product,7533,6,45198,1
60221,Kurta,Misleading Info,8573,8,68584,2
60233,Kurta,Misleading Info,1826,4,7304,2
60245,Churidars,Defective Product,3224,6,19344,2
60257,Kurta,Misleading Info,11355,3,34065,1
60269,Palazzo Pants,Misleading Info,1026,4,4104,1
60281,Sherwani,Misleading Info,17942,7,125594,2
60293,Skirt,Poor Quality,3761,5,18805,1
60305,Shirt,Defective Product,755,2,1510,1
60317,Kurta,Misleading Info,1334,5,6670,1
60329,Shirt,Misleading Info,5630,7,39410,1
60341,Tunic Top,Misleading Info,1686,9,15174,1
60353,Salwar Kameez,Misleading Info,1734,10,17340,1
60365,Sherwani,Defective Product,18140,8,145120,1
60377,Kurta,Poor Quality,3162,5,15810,1
60389,Shirt,Defective Product,1753,8,14024,1
60401,Salwar Kameez,Defective Product,1611,3,4833,1
60413,Skirt,Misleading Info,3541,2,7082,1
60425,Shirt,Defective Product,7080,9,63720,1
60437,Sherwani,Color Issues,16387,5,81935,1
60449,Kurta,Misleading Info,17992,2,35984,1
60461,Shirt,Defective Product,3695,5,18475,1
60473,Jeans,Poor Quality,4200,6,25200,1
60485,Skirt,Defective Product,2445,7,17115,1
60497,Skirt,Color Issues,3065,8,24520,1
60509,Jeans,Wrong Size,5630,7,39410,1
60521,Shirt,Defective Product,3156,1,3156,1
60533,Kurta,Misleading Info,3701,8,29608,1
60545,Shirt,Wrong Size,1674,9,15066,1
60557,Jeans,Wrong Size,1967,5,9835,1
60569,Shirt,Defective Product,3298,3,9894,1
60581,Dupatta,Defective Product,354,10,3540,1
60593,Skirt,Wrong Material,1039,1,1039,1
60605,Palazzo Pants,Misleading Info,1952,3,5856,1
60617,Sherwani,Misleading Info,9453,3,28359,1
60629,Shirt,Defective Product,1703,5,8515,1
60641,Saree,Color Issues,5510,1,5510,1
60653,Shirt,Misleading Info,8896,9,80064,1
60665,Blazers,Wrong Size,6813,10,68130,1
60677,Jeans,Wrong Size,5678,10,56780,1
60689,Saree,Misleading Info,3482,8,27856,1
60701,Kurta,Misleading Info,2650,6,15900,1
60713,Salwar Kameez,Defective Product,2725,4,10900,1
60725,Palazzo Pants,Defective Product,540,2,1080,1
60737,Kurta,Defective Product,398,9,3582,1
60749,Churidars,Misleading Info,1246,9,11214,1
60761,Lehenga,Color Issues,5080,10,50800,1
60773,Kurta,Misleading Info,1836,7,12852,1
60785,Churidars,Defective Product,1005,8,8040,1
60797,Kurta,Misleading Info,644,5,3220,1
60809,Palazzo Pants,Misleading Info,2309,10,23090,2
60821,Churidars,Defective Product,2636,1,2636,1
60833,Shirt,Misleading Info,5306,1,5306,1
60845,Kurta,Poor Quality,354,6,2124,1
60857,Kurta,Defective Product,3055,2,6110,1
60869,Shirt,Defective Product,4492,6,26952,1
60881,Sherwani,Defective Product,24100,5,120500,1
60893,Shirt,Misleading Info,18253,3,54759,1
60905,Skirt,Poor Quality,2062,4,8248,2
60917,Shirt,Poor Quality,1872,3,5616,1
60929,Salwar Kameez,Misleading Info,1451,4,5804,2
60941,Shirt,Defective Product,2234,7,15638,1
60953,Jeans,Color Issues,1418,1,1418,1
60965,Blazers,Defective Product,2265,9,20385,1
60977,Shirt,Defective Product,19981,1,19981,1
60989,Palazzo Pants,Misleading Info,1066,10,10660,1
61001,Jeans,Wrong Material,2126,5,10630,1
61013,Churidars,Misleading Info,2299,7,16093,1
61025,Salwar Kameez,Color Issues,529,9,4761,1
61037,Shirt,Misleading Info,1286,10,12860,1
61049,Lehenga,Misleading Info,5487,5,27435,1
61061,Tunic Top,Wrong Material,2241,8,17928,1
61073,Kurta,Defective Product,7229,10,72290,1
61085,Shirt,Misleading Info,3242,2,6484,1
61097,Kurta,Defective Product,2877,10,28770,1
61109,Churidars,Misleading Info,1389,2,2778,1
61121,Tunic Top,Wrong Material,1171,4,4684,1
61133,Jeans,Defective Product,5173,9,46557,1
61145,Salwar Kameez,Defective Product,2791,4,11164,1
61157,Shirt,Defective Product,1078,4,4312,1
61169,Shirt,Defective Product,8273,3,24819,1
61181,Kurta,Misleading Info,1814,4,7256,2
61193,Sherwani,Misleading Info,16454,6,98724,1
61205,Tunic Top,Misleading Info,2398,1,2398,1
61217,Salwar Kameez,Defective Product,2502,3,7506,1
61229,Blazers,Defective Product,2416,6,14496,1
61241,Palazzo Pants,Wrong Material,1845,3,5535,1
61253,Sherwani,Wrong Size,20910,5,104550,1
61265,Lehenga,Wrong Material,2748,1,2748,1
61277,Lehenga,Misleading Info,5077,3,15231,1
61289,Shirt,Misleading Info,6844,6,41064,2
61301,Salwar Kameez,Misleading Info,2017,6,12102,1
61313,Tunic Top,Defective Product,1708,6,10248,1
61325,Palazzo Pants,Misleading Info,1771,4,7084,1
61337,Sherwani,Defective Product,16815,7,117705,1
61349,Palazzo Pants,Misleading Info,342,10,3420,1
61361,Sherwani,Color Issues,22853,9,205677,1
61373,Churidars,Poor Quality,1074,7,7518,1
61385,Lehenga,Wrong Size,2493,4,9972,1
61397,Jeans,Misleading Info,1288,10,12880,1
61409,Shirt,Defective Product,5658,5,28290,1
61421,Shirt,Defective Product,21957,7,153699,1
61433,Skirt,Wrong Size,3548,7,24836,1
61445,Churidars,Defective Product,2706,2,5412,1
61457,Jeans,Defective Product,4074,5,20370,1
61469,Shirt,Color Issues,8381,4,33524,1
61481,Churidars,Misleading Info,1360,10,13600,1
61493,Palazzo Pants,Misleading Info,776,3,2328,1
61505,Jeans,Misleading Info,2374,3,7122,1
61517,Salwar Kameez,Wrong Size,2693,2,5386,1
61529,Kurta,Color Issues,590,8,4720,1
61541,Kurta,Misleading Info,2566,8,20528,1
61553,Shirt,Color Issues,7422,10,74220,1
61565,Kurta,Misleading Info,1818,1,1818,1
61577,Palazzo Pants,Misleading Info,386,7,2702,1
61589,Skirt,Color Issues,341,3,1023,1
61601,Palazzo Pants,Misleading Info,1877,10,18770,1
61613,Salwar Kameez,Misleading Info,2639,4,10556,1
61625,Churidars,Wrong Size,3073,2,6146,1
61637,Churidars,Misleading Info,1180,4,4720,1
61649,Palazzo Pants,Wrong Material,868,6,5208,1
61661,Salwar Kameez,Misleading Info,1726,6,10356,1
61673,Sherwani,Wrong Size,21084,5,105420,1
61685,Shirt,Defective Product,3742,8,29936,2
61697,Shirt,Misleading Info,2492,5,12460,1
61709,Shirt,Misleading Info,9882,4,39528,1
61721,Skirt,Defective Product,3127,2,6254,1
61733,Sherwani,Defective Product,20870,2,41740,1
61745,Churidars,Wrong Material,1470,9,13230,1
61757,Kurta,Defective Product,4092,5,20460,1
61769,Shirt,Defective Product,3582,1,3582,1
61781,Shirt,Defective Product,3003,5,15015,1
61793,Palazzo Pants,Misleading Info,2962,4,11848,1
61805,Kurta,Misleading Info,2336,2,4672,1
61817,Kurta,Misleading Info,1850,6,11100,1
61829,Kurta,Misleading Info,7402,7,51814,1
61841,Palazzo Pants,Defective Product,783,1,783,1
61853,Sherwani,Wrong Size,22361,4,89444,1
61865,Lehenga,Misleading Info,14237,4,56948,1
61877,Kurta,Misleading Info,7635,10,76350,1
61889,Kurta,Wrong Size,4049,8,32392,1
61901,Lehenga,Misleading Info,9376,5,46880,1
61913,Churidars,Wrong Material,1456,7,10192,1
61925,Kurta,Misleading Info,1920,8,15360,1
61937,Tunic Top,Misleading Info,2531,6,15186,1
61949,Shirt,Defective Product,23806,2,47612,1
61961,Kurta,Defective Product,959,3,2877,1
61973,Kurta,Misleading Info,1050,4,4200,1
61985,Churidars,Misleading Info,2083,2,4166,1
61997,Jeans,Wrong Size,1884,1,1884,1
62009,Saree,Misleading Info,4865,5,24325,2
62021,Tunic Top,Wrong Size,730,8,5840,1
62033,Churidars,Misleading Info,1687,7,11809,1
62045,Palazzo Pants,Defective Product,2726,10,27260,1
62057,Kurta,Wrong Size,3143,8,25144,1
62069,Jeans,Misleading Info,5480,4,21920,1
62081,Jeans,Color Issues,2204,8,17632,1
62093,Skirt,Defective Product,2029,6,12174,1
62105,Sherwani,Misleading Info,11002,8,88016,1
62117,Shirt,Defective Product,6029,8,48232,1
62129,Shirt,Misleading Info,3702,3,11106,1
62141,Saree,Poor Quality,1074,7,7518,1
62153,Shirt,Misleading Info,2809,8,22472,1
62165,Shirt,Misleading Info,3925,4,15700,1
62177,Kurta,Misleading Info,2871,7,20097,1
62189,Shirt,Defective Product,7089,2,14178,1
62201,Jeans,Misleading Info,4313,4,17252,1
62213,Kurta,Misleading Info,3130,10,31300,1
62225,Salwar Kameez,Defective Product,661,10,6610,1
62237,Kurta,Defective Product,20489,4,81956,2
62249,Shirt,Misleading Info,3135,3,9405,1
62261,Shirt,Misleading Info,2136,10,21360,1
62273,Tunic Top,Misleading Info,1160,10,11600,1
62285,Salwar Kameez,Defective Product,2065,9,18585,1
62297,Jeans,Defective Product,3253,1,3253,1
62309,Shirt,Defective Product,8245,4,32980,1
62321,Palazzo Pants,Misleading Info,367,9,3303,1
62333,Skirt,Color Issues,1689,6,10134,1
62345,Shirt,Misleading Info,21423,2,42846,1
62357,Shirt,Defective Product,5696,3,17088,1
62369,Salwar Kameez,Defective Product,2289,5,11445,1
62381,Shirt,Defective Product,1628,4,6512,1
62393,Jeans,Misleading Info,5948,4,23792,1
62405,Shirt,Defective Product,12874,1,12874,1
62417,Jeans,Color Issues,1813,4,7252,1
62429,Palazzo Pants,Misleading Info,2551,2,5102,1
62441,Tunic Top,Defective Product,1051,3,3153,1
62453,Lehenga,Misleading Info,2671,3,8013,1
62465,Salwar Kameez,Misleading Info,1517,2,3034,1
62477,Palazzo Pants,Defective Product,621,5,3105,1
62489,Lehenga,Misleading Info,3158,2,6316,1
62501,Skirt,Color Issues,1825,4,7300,1
62513,Kurta,Misleading Info,2319,6,13914,1
62525,Skirt,Defective Product,1349,5,6745,1
62537,Salwar Kameez,Misleading Info,1809,4,7236,1
62549,Kurta,Color Issues,2235,8,17880,1
62561,Shirt,Defective Product,2400,5,12000,1
62573,Palazzo Pants,Defective Product,549,10,5490,1
62585,Jeans,Defective Product,4769,1,4769,1
62597,Shirt,Defective Product,9364,1,9364,1
62609,Shirt,Defective Product,4723,6,28338,2
62621,Shirt,Color Issues,543,7,3801,1
62633,Shirt,Misleading Info,3747,3,11241,1
62645,Shirt,Misleading Info,3648,8,29184,1
62657,Shirt,Defective Product,3238,4,12952,1
62669,Shirt,Misleading Info,12842,3,38526,1
62681,Lehenga,Misleading Info,13205,10,132050,1
62693,Palazzo Pants,Wrong Material,2286,6,13716,1
62705,Churidars,Misleading Info,2009,4,8036,1
62717,Shirt,Defective Product,6684,5,33420,1
62729,Salwar Kameez,Wrong Size,426,6,2556,2
62741,Kurta,Defective Product,5800,6,34800,1
62753,Shirt,Color Issues,4854,4,19416,1
62765,Blazers,Misleading Info,3749,4,14996,1
62777,Blazers,Defective Product,1972,10,19720,1
62789,Jeans,Wrong Size,5310,8,42480,1
62801,Salwar Kameez,Wrong Size,1443,10,14430,1
62813,Sherwani,Wrong Size,20566,4,82264,1
62825,Shirt,Wrong Material,7343,2,14686,1
62837,Lehenga,Misleading Info,9294,9,83646,1
62849,Tunic Top,Misleading Info,2298,6,13788,2
62861,Sherwani,Misleading Info,11061,1,11061,1
62873,Kurta,Misleading Info,1364,2,2728,1
62885,Kurta,Misleading Info,6900,8,55200,1
62897,Shirt,Defective Product,2812,3,8436,1
62909,Salwar Kameez,Misleading Info,1585,3,4755,1
62921,Kurta,Misleading Info,1808,9,16272,1
62933,Shirt,Misleading Info,5282,1,5282,1
62945,Shirt,Misleading Info,3051,10,30510,1
62957,Shirt,Misleading Info,9115,2,18230,1
62969,Shirt,Defective Product,16384,3,49152,1
62981,Kurta,Misleading Info,819,5,4095,2
62993,Jeans,Misleading Info,1357,1,1357,1
63005,Shirt,Defective Product,1017,10,10170,1
63017,Palazzo Pants,Misleading Info,2456,8,19648,1
63029,Shirt,Misleading Info,21339,3,64017,1
63041,Sherwani,Defective Product,5345,4,21380,1
63053,Kurta,Misleading Info,395,6,2370,1
63065,Palazzo Pants,Defective Product,1264,1,1264,1
63077,Shirt,Defective Product,3334,4,13336,1
63089,Palazzo Pants,Misleading Info,2260,1,2260,1
63101,Salwar Kameez,Misleading Info,2708,9,24372,1
63113,Tunic Top,Misleading Info,853,4,3412,1
63125,Jeans,Wrong Material,4320,5,21600,1
63137,Jeans,Misleading Info,4750,2,9500,1
63149,Jeans,Misleading Info,3480,2,6960,1
63161,Salwar Kameez,Wrong Size,2129,7,14903,1
63173,Tunic Top,Color Issues,2852,10,28520,1
63185,Tunic Top,Defective Product,1961,9,17649,1
63197,Sherwani,Color Issues,20795,6,124770,1
63209,Lehenga,Misleading Info,13647,7,95529,1
63221,Tunic Top,Misleading Info,2007,7,14049,1
63233,Blazers,Misleading Info,2020,10,20200,1
63245,Churidars,Color Issues,3488,5,17440,1
63257,Skirt,Color Issues,2512,4,10048,1
63269,Kurta,Misleading Info,566,2,1132,1
63281,Tunic Top,Misleading Info,1879,8,15032,1
63293,Shirt,Defective Product,3737,3,11211,1
63305,Salwar Kameez,Wrong Size,1957,5,9785,1
63317,Kurta,Misleading Info,326,6,1956,2
63329,Shirt,Misleading Info,2948,4,11792,1
63341,Churidars,Wrong Size,2124,4,8496,1
63353,Jeans,Misleading Info,4667,9,42003,1
63365,Sherwani,Misleading Info,8214,7,57498,1
63377,Kurta,Misleading Info,4191,6,25146,1
63389,Shirt,Defective Product,1223,6,7338,1
63401,Shirt,Misleading Info,15084,8,120672,1
63413,Jeans,Wrong Size,5395,4,21580,1
63425,Palazzo Pants,Wrong Size,668,8,5344,1
63437,Shirt,Misleading Info,963,4,3852,1
63449,Jeans,Wrong Size,1356,10,13560,1
63461,Kurta,Misleading Info,828,6,4968,1
63473,Shirt,Misleading Info,3328,9,29952,1
63485,Kurta,Defective Product,21985,9,197865,1
63497,Tunic Top,Misleading Info,1318,8,10544,1
63509,Shirt,Defective Product,2892,4,11568,1
63521,Tunic Top,Misleading Info,2129,3,6387,1
63533,Shirt,Misleading Info,3997,4,15988,1
63545,Churidars,Wrong Size,1164,5,5820,1
63557,Kurta,Misleading Info,5768,2,11536,1
63569,Jeans,Color Issues,5997,5,29985,1
63581,Jeans,Defective Product,4135,5,20675,2
63593,Kurta,Wrong Size,18198,5,90990,1
63605,Churidars,Misleading Info,1131,10,11310,1
63617,Saree,Poor Quality,6213,8,49704,1
63629,Churidars,Misleading Info,1793,4,7172,1
63641,Churidars,Defective Product,1967,8,15736,1
63653,Kurta,Color Issues,467,4,1868,1
63665,Shirt,Defective Product,4293,1,4293,1
63677,Blazers,Wrong Size,5970,10,59700,1
63689,Kurta,Wrong Material,3970,2,7940,1
63701,Kurta,Misleading Info,20353,2,40706,1
63713,Kurta,Misleading Info,4474,5,22370,1
63725,Kurta,Misleading Info,3102,7,21714,1
63737,Sherwani,Defective Product,12191,6,73146,1
63749,Salwar Kameez,Misleading Info,1646,3,4938,1
63761,Shirt,Misleading Info,23223,7,162561,1
63773,Sherwani,Misleading Info,16214,8,129712,1
63785,Skirt,Misleading Info,549,8,4392,1
63797,Tunic Top,Color Issues,2296,8,18368,1
63809,Kurta,Misleading Info,7710,1,7710,1
63821,Palazzo Pants,Misleading Info,2340,7,16380,1
63833,Salwar Kameez,Misleading Info,2113,1,2113,1
63845,Skirt,Misleading Info,2003,10,20030,1
63857,Tunic Top,Defective Product,1007,8,8056,2
63869,Shirt,Defective Product,3357,9,30213,1
63881,Palazzo Pants,Misleading Info,641,6,3846,1
63893,Salwar Kameez,Misleading Info,2040,5,10200,1
63905,Lehenga,Misleading Info,11235,7,78645,1
63917,Palazzo Pants,Color Issues,1347,1,1347,1
63929,Shirt,Misleading Info,1310,9,11790,2
63941,Jeans,Misleading Info,4022,2,8044,1
63953,Salwar Kameez,Misleading Info,686,5,3430,2
63965,Shirt,Defective Product,2136,8,17088,1
63977,Sherwani,Defective Product,13079,5,65395,1
63989,Shirt,Misleading Info,2739,8,21912,1
64001,Palazzo Pants,Defective Product,1439,7,10073,1
64013,Tunic Top,Misleading Info,1108,6,6648,1
64025,Shirt,Defective Product,8809,6,52854,1
64037,Jeans,Poor Quality,3973,8,31784,2
64049,Salwar Kameez,Wrong Size,891,10,8910,1
64061,Lehenga,Misleading Info,6946,6,41676,1
64073,Kurta,Defective Product,385,4,1540,1
64085,Tunic Top,Poor Quality,2320,2,4640,1
64097,Tunic Top,Wrong Size,424,4,1696,1
64109,Skirt,Wrong Size,1473,3,4419,1
64121,Churidars,Misleading Info,2984,8,23872,1
64133,Kurta,Color Issues,3163,7,22141,1
64145,Kurta,Misleading Info,8095,1,8095,1
64157,Shirt,Defective Product,14852,5,74260,1
64169,Tunic Top,Defective Product,2287,2,4574,1
64181,Salwar Kameez,Defective Product,2475,10,24750,1
64193,Salwar Kameez,Defective Product,989,2,1978,1
64205,Kurta,Misleading Info,1470,9,13230,1
64217,Kurta,Misleading Info,3094,4,12376,1
64229,Kurta,Poor Quality,2496,2,4992,1
64241,Shirt,Color Issues,1360,5,6800,1
64253,Shirt,Defective Product,4867,6,29202,2
64265,Sherwani,Wrong Size,23897,5,119485,1
64277,Palazzo Pants,Defective Product,2573,2,5146,1
64289,Salwar Kameez,Wrong Size,751,5,3755,1
64301,Salwar Kameez,Defective Product,2212,8,17696,1
64313,Tunic Top,Misleading Info,1415,10,14150,1
64325,Kurta,Misleading Info,7614,9,68526,1
64337,Shirt,Misleading Info,2117,9,19053,1
64349,Kurta,Misleading Info,343,2,686,1
64361,Saree,Poor Quality,6858,7,48006,1
64373,Saree,Misleading Info,7182,10,71820,1
64385,Kurta,Defective Product,2872,1,2872,1
64397,Palazzo Pants,Wrong Material,1862,4,7448,1
64409,Shirt,Defective Product,3239,1,3239,1
64421,Palazzo Pants,Poor Quality,1296,2,2592,1
64433,Tunic Top,Defective Product,1654,8,13232,1
64445,Kurta,Misleading Info,1151,7,8057,1
64457,Tunic Top,Wrong Size,2918,7,20426,1
64469,Jeans,Defective Product,529,2,1058,1
64481,Lehenga,Color Issues,13498,1,13498,1
64493,Tunic Top,Defective Product,360,10,3600,1
64505,Palazzo Pants,Wrong Material,2106,7,14742,1
64517,Palazzo Pants,Defective Product,1037,7,7259,1
64529,Lehenga,Misleading Info,4563,8,36504,1
64541,Palazzo Pants,Poor Quality,828,5,4140,1
64553,Churidars,Misleading Info,3022,6,18132,1
64565,Churidars,Defective Product,2944,9,26496,2
64577,Salwar Kameez,Misleading Info,2742,5,13710,2
64589,Tunic Top,Misleading Info,1407,4,5628,2
64601,Salwar Kameez,Defective Product,1047,1,1047,1
64613,Dupatta,Misleading Info,1450,8,11600,1
64625,Shirt,Misleading Info,23196,8,185568,1
64637,Tunic Top,Misleading Info,1554,2,3108,1
64649,Palazzo Pants,Wrong Material,810,4,3240,1
64661,Lehenga,Misleading Info,11233,9,101097,1
64673,Kurta,Misleading Info,2588,6,15528,1
64685,Skirt,Defective Product,3724,2,7448,1
64697,Kurta,Misleading Info,2571,7,17997,1
64709,Saree,Defective Product,8252,6,49512,1
64721,Tunic Top,Misleading Info,573,8,4584,1
64733,Jeans,Defective Product,5497,10,54970,1
64745,Tunic Top,Defective Product,2398,7,16786,1
64757,Kurta,Misleading Info,12761,1,12761,1
64769,Shirt,Defective Product,2473,6,14838,1
64781,Lehenga,Poor Quality,7986,5,39930,1
64793,Skirt,Misleading Info,3098,5,15490,1
64805,Shirt,Defective Product,7409,8,59272,1
64817,Kurta,Misleading Info,3805,9,34245,2
64829,Shirt,Defective Product,5673,10,56730,2
64841,Jeans,Wrong Size,1553,10,15530,1
64853,Shirt,Defective Product,5648,2,11296,1
64865,Kurta,Defective Product,2597,2,5194,1
64877,Palazzo Pants,Defective Product,777,4,3108,1
64889,Palazzo Pants,Misleading Info,2510,1,2510,1
64901,Shirt,Defective Product,5262,10,52620,1
64913,Kurta,Defective Product,646,6,3876,1
64925,Kurta,Misleading Info,3108,2,6216,1
64937,Jeans,Color Issues,573,2,1146,1
64949,Jeans,Defective Product,712,2,1424,1
64961,Shirt,Defective Product,7269,2,14538,1
64973,Salwar Kameez,Wrong Size,1864,10,18640,1
64985,Kurta,Misleading Info,2677,4,10708,1
64997,Shirt,Defective Product,3037,8,24296,1
65009,Shirt,Defective Product,4509,1,4509,1
65021,Tunic Top,Misleading Info,869,10,8690,1
65033,Lehenga,Misleading Info,8073,2,16146,1
65045,Kurta,Defective Product,3629,7,25403,1
65057,Kurta,Defective Product,1686,5,8430,1
65069,Palazzo Pants,Defective Product,2739,3,8217,1
65081,Salwar Kameez,Wrong Size,713,4,2852,1
65093,Shirt,Defective Product,1041,9,9369,1
65105,Tunic Top,Misleading Info,1782,10,17820,1
65117,Sherwani,Wrong Size,8054,5,40270,1
65129,Shirt,Defective Product,22033,10,220330,1
65141,Churidars,Poor Quality,2011,6,12066,1
65153,Shirt,Defective Product,5450,10,54500,2
65165,Churidars,Misleading Info,2752,7,19264,2
65177,Sherwani,Poor Quality,5708,10,57080,2
65189,Shirt,Wrong Size,1225,7,8575,1
65201,Kurta,Defective Product,4230,5,21150,1
65213,Tunic Top,Wrong Material,2675,4,10700,1
65225,Salwar Kameez,Misleading Info,2812,2,5624,1
65237,Kurta,Defective Product,4155,1,4155,1
65249,Palazzo Pants,Defective Product,2936,7,20552,1
65261,Lehenga,Poor Quality,12667,1,12667,1
65273,Shirt,Defective Product,439,6,2634,1
65285,Saree,Color Issues,6045,9,54405,1
65297,Jeans,Defective Product,1411,7,9877,1
65309,Kurta,Defective Product,5910,3,17730,1
65321,Shirt,Defective Product,1249,4,4996,1
65333,Kurta,Misleading Info,1063,2,2126,1
65345,Shirt,Misleading Info,16630,4,66520,1
65357,Shirt,Wrong Size,1014,4,4056,1
65369,Jeans,Misleading Info,5476,2,10952,1
65381,Salwar Kameez,Poor Quality,1247,3,3741,1
65393,Kurta,Defective Product,766,3,2298,1
65405,Tunic Top,Wrong Size,1630,7,11410,1
65417,Sherwani,Defective Product,18130,9,163170,1
65429,Lehenga,Color Issues,5561,10,55610,1
65441,Kurta,Misleading Info,20831,7,145817,1
65453,Salwar Kameez,Poor Quality,884,10,8840,1
65465,Shirt,Defective Product,6727,6,40362,1
65477,Sherwani,Misleading Info,13373,8,106984,1
65489,Kurta,Misleading Info,1766,5,8830,1
65501,Shirt,Misleading Info,14747,2,29494,1
65513,Salwar Kameez,Misleading Info,629,5,3145,1
65525,Shirt,Defective Product,4542,1,4542,1
65537,Churidars,Defective Product,1467,1,1467,1
65549,Shirt,Defective Product,536,9,4824,2
65561,Skirt,Misleading Info,656,3,1968,1
65573,Kurta,Misleading Info,23506,10,235060,1
65585,Kurta,Defective Product,2202,2,4404,1
65597,Jeans,Misleading Info,2534,2,5068,1
65609,Shirt,Misleading Info,456,5,2280,1
65621,Skirt,Defective Product,3069,7,21483,1
65633,Tunic Top,Color Issues,950,9,8550,1
65645,Palazzo Pants,Defective Product,2503,2,5006,1
65657,Saree,Color Issues,1664,1,1664,1
65669,Shirt,Defective Product,11692,3,35076,1
65681,Sherwani,Defective Product,8966,7,62762,1
65693,Lehenga,Misleading Info,5947,9,53523,1
65705,Saree,Defective Product,4346,5,21730,1
65717,Sherwani,Misleading Info,17549,2,35098,1
65729,Kurta,Misleading Info,819,3,2457,1
65741,Lehenga,Misleading Info,13003,2,26006,1
65753,Tunic Top,Defective Product,2667,9,24003,1
65765,Skirt,Misleading Info,3293,7,23051,1
65777,Tunic Top,Misleading Info,1385,5,6925,1
65789,Blazers,Misleading Info,7576,9,68184,2
65801,Shirt,Misleading Info,1335,10,13350,1
65813,Palazzo Pants,Misleading Info,1273,7,8911,1
65825,Palazzo Pants,Wrong Size,1055,9,9495,1
65837,Jeans,Wrong Size,3999,2,7998,1
65849,Tunic Top,Misleading Info,1920,1,1920,1
65861,Lehenga,Defective Product,10166,3,30498,1
65873,Kurta,Misleading Info,2766,9,24894,1
65885,Shirt,Wrong Material,4186,7,29302,1
65897,Kurta,Misleading Info,1782,2,3564,1
65909,Shirt,Wrong Size,3800,9,34200,1
65921,Shirt,Wrong Size,1723,7,12061,1
65933,Shirt,Defective Product,2223,8,17784,1
65945,Jeans,Misleading Info,2471,10,24710,1
65957,Saree,Misleading Info,6281,7,43967,1
65969,Kurta,Misleading Info,10369,5,51845,1
65981,Palazzo Pants,Misleading Info,1485,1,1485,1
65993,Salwar Kameez,Misleading Info,1549,3,4647,1
66005,Saree,Defective Product,2369,7,16583,1
66017,Sherwani,Defective Product,8045,7,56315,1
66029,Churidars,Misleading Info,1264,9,11376,2
66041,Churidars,Misleading Info,1922,1,1922,1
66053,Shirt,Misleading Info,3019,7,21133,1
66065,Kurta,Defective Product,6882,8,55056,1
66077,Saree,Misleading Info,6138,9,55242,1
66089,Lehenga,Color Issues,9271,3,27813,1
66101,Shirt,Color Issues,9883,4,39532,1
66113,Shirt,Defective Product,2589,5,12945,1
66125,Jeans,Color Issues,3514,10,35140,1
66137,Palazzo Pants,Color Issues,2224,10,22240,1
66149,Shirt,Poor Quality,3367,8,26936,1
66161,Palazzo Pants,Misleading Info,1962,3,5886,1
66173,Skirt,Color Issues,3548,8,28384,1
66185,Salwar Kameez,Wrong Material,2430,5,12150,1
66197,Churidars,Misleading Info,893,3,2679,1
66209,Shirt,Misleading Info,2314,9,20826,1
66221,Shirt,Misleading Info,2311,4,9244,2
66233,Kurta,Misleading Info,2471,3,7413,1
66245,Lehenga,Misleading Info,5620,2,11240,1
66257,Shirt,Defective Product,1515,5,7575,1
66269,Jeans,Misleading Info,1839,5,9195,1
66281,Kurta,Misleading Info,2807,7,19649,1
66293,Churidars,Wrong Size,2551,6,15306,1
66305,Shirt,Defective Product,1563,3,4689,1
66317,Shirt,Poor Quality,2124,2,4248,1
66329,Shirt,Defective Product,2703,5,13515,1
66341,Kurta,Misleading Info,5018,2,10036,1
66353,Jeans,Wrong Size,5641,7,39487,1
66365,Kurta,Color Issues,1898,10,18980,1
66377,Shirt,Misleading Info,6902,8,55216,1
66389,Skirt,Defective Product,1228,3,3684,1
66401,Churidars,Misleading Info,3010,9,27090,1
66413,Saree,Poor Quality,6067,9,54603,2
66425,Sherwani,Wrong Size,24295,10,242950,1
66437,Sherwani,Misleading Info,16826,5,84130,1
66449,Kurta,Misleading Info,303,1,303,1
66461,Salwar Kameez,Wrong Size,1776,9,15984,1
66473,Sherwani,Wrong Size,21826,9,196434,1
66485,Lehenga,Wrong Size,12898,9,116082,1
66497,Jeans,Poor Quality,3272,3,9816,1
66509,Shirt,Misleading Info,6073,10,60730,1
66521,Tunic Top,Misleading Info,355,3,1065,1
66533,Kurta,Misleading Info,2700,8,21600,1
66545,Kurta,Defective Product,1160,7,8120,1
66557,Shirt,Defective Product,1393,6,8358,1
66569,Lehenga,Defective Product,3754,4,15016,2
66581,Saree,Misleading Info,2612,6,15672,1
66593,Tunic Top,Defective Product,2357,6,14142,1
66605,Kurta,Misleading Info,3155,1,3155,1
66617,Tunic Top,Color Issues,1508,5,7540,1
66629,Saree,Defective Product,6110,4,24440,1
66641,Lehenga,Defective Product,3730,9,33570,1
66653,Churidars,Wrong Size,3316,1,3316,1
66665,Churidars,Misleading Info,3005,1,3005,1
66677,Salwar Kameez,Color Issues,584,6,3504,1
66689,Shirt,Defective Product,24356,6,146136,1
66701,Tunic Top,Misleading Info,2845,8,22760,1
66713,Skirt,Defective Product,1647,2,3294,1
66725,Sherwani,Defective Product,15338,6,92028,1
66737,Blazers,Defective Product,6245,1,6245,1
66749,Tunic Top,Defective Product,2533,4,10132,1
66761,Tunic Top,Wrong Size,2003,5,10015,1
66773,Lehenga,Misleading Info,2207,6,13242,1
66785,Kurta,Defective Product,5387,7,37709,1
66797,Saree,Color Issues,4403,4,17612,1
66809,Jeans,Wrong Size,5701,3,17103,1
66821,Sherwani,Defective Product,16443,1,16443,1
66833,Shirt,Misleading Info,3611,6,21666,2
66845,Salwar Kameez,Wrong Size,979,2,1958,1
66857,Kurta,Misleading Info,2850,6,17100,1
66869,Lehenga,Wrong Size,7599,3,22797,1
66881,Jeans,Misleading Info,4773,9,42957,1
66893,Sherwani,Poor Quality,6320,2,12640,1
66905,Sherwani,Poor Quality,5089,5,25445,1
66917,Dupatta,Defective Product,994,10,9940,1
66929,Saree,Defective Product,5892,3,17676,1
66941,Saree,Color Issues,2386,8,19088,1
66953,Palazzo Pants,Defective Product,2835,1,2835,1
66965,Jeans,Poor Quality,2994,10,29940,1
66977,Tunic Top,Misleading Info,809,10,8090,1
66989,Blazers,Misleading Info,3939,10,39390,1
67001,Palazzo Pants,Misleading Info,2918,3,8754,1
67013,Shirt,Misleading Info,731,6,4386,1
67025,Salwar Kameez,Misleading Info,2426,9,21834,1
67037,Tunic Top,Defective Product,1771,4,7084,2
67049,Shirt,Misleading Info,3127,9,28143,1
67061,Kurta,Defective Product,1618,1,1618,1
67073,Kurta,Misleading Info,23034,3,69102,1
67085,Blazers,Defective Product,3647,9,32823,2
67097,Salwar Kameez,Misleading Info,435,9,3915,1
67109,Shirt,Misleading Info,8576,9,77184,1
67121,Shirt,Misleading Info,1895,3,5685,1
67133,Sherwani,Defective Product,8093,9,72837,1
67145,Palazzo Pants,Misleading Info,434,10,4340,1
67157,Palazzo Pants,Misleading Info,1039,6,6234,1
67169,Shirt,Misleading Info,21195,1,21195,1
67181,Lehenga,Defective Product,7231,5,36155,1
67193,Jeans,Color Issues,1836,7,12852,1
67205,Jeans,Misleading Info,5225,2,10450,1
67217,Kurta,Defective Product,14783,9,133047,1
67229,Blazers,Color Issues,7690,5,38450,1
67241,Shirt,Defective Product,4698,10,46980,1
67253,Sherwani,Defective Product,16070,1,16070,1
67265,Kurta,Misleading Info,896,10,8960,1
67277,Churidars,Poor Quality,3462,8,27696,1
67289,Palazzo Pants,Defective Product,2014,8,16112,1
67301,Kurta,Color Issues,872,8,6976,1
67313,Palazzo Pants,Defective Product,950,7,6650,2
67325,Sherwani,Misleading Info,20139,5,100695,1
67337,Shirt,Defective Product,3791,10,37910,1
67349,Palazzo Pants,Misleading Info,1631,10,16310,1
67361,Salwar Kameez,Wrong Size,2792,6,16752,1
67373,Jeans,Poor Quality,5047,7,35329,1
67385,Jeans,Defective Product,5453,7,38171,1
67397,Kurta,Defective Product,4334,3,13002,1
67409,Jeans,Poor Quality,1842,5,9210,2
67421,Salwar Kameez,Misleading Info,2212,6,13272,1
67433,Churidars,Defective Product,2947,4,11788,1
67445,Shirt,Misleading Info,3464,6,20784,1
67457,Saree,Defective Product,2807,7,19649,1
67469,Jeans,Wrong Size,5006,9,45054,1
67481,Churidars,Misleading Info,1256,1,1256,1
67493,Sherwani,Color Issues,5228,9,47052,1
67505,Tunic Top,Wrong Size,2325,8,18600,1
67517,Salwar Kameez,Poor Quality,2725,6,16350,1
67529,Palazzo Pants,Misleading Info,1723,9,15507,1
67541,Shirt,Defective Product,23083,2,46166,1
67553,Tunic Top,Misleading Info,2667,1,2667,1
67565,Tunic Top,Defective Product,2989,2,5978,1
67577,Sherwani,Wrong Size,19000,2,38000,1
67589,Blazers,Defective Product,3912,3,11736,1
67601,Tunic Top,Poor Quality,2477,3,7431,1
67613,Palazzo Pants,Poor Quality,2707,2,5414,1
67625,Kurta,Misleading Info,2986,4,11944,1
67637,Kurta,Defective Product,2630,3,7890,1
67649,Skirt,Wrong Material,2410,4,9640,1
67661,Saree,Defective Product,7318,2,14636,1
67673,Kurta,Misleading Info,2460,3,7380,1
67685,Sherwani,Misleading Info,21638,3,64914,1
67697,Palazzo Pants,Misleading Info,1662,5,8310,2
67709,Salwar Kameez,Color Issues,2264,7,15848,1
67721,Palazzo Pants,Misleading Info,2402,9,21618,1
67733,Tunic Top,Defective Product,345,1,345,1
67745,Churidars,Defective Product,3372,6,20232,1
67757,Salwar Kameez,Misleading Info,2248,5,11240,1
67769,Shirt,Defective Product,2170,4,8680,1
67781,Tunic Top,Misleading Info,620,4,2480,1
67793,Shirt,Defective Product,4058,2,8116,1
67805,Tunic Top,Misleading Info,839,8,6712,1
67817,Kurta,Misleading Info,1518,3,4554,1
67829,Tunic Top,Misleading Info,998,8,7984,1
67841,Kurta,Misleading Info,8861,10,88610,2
67853,Sherwani,Color Issues,8816,5,44080,1
67865,Tunic Top,Misleading Info,500,4,2000,2
67877,Palazzo Pants,Misleading Info,818,3,2454,1
67889,Jeans,Misleading Info,931,1,931,1
67901,Kurta,Poor Quality,3793,3,11379,1
67913,Kurta,Misleading Info,14488,5,72440,1
67925,Blazers,Misleading Info,3152,6,18912,1
67937,Jeans,Defective Product,1286,8,10288,1
67949,Shirt,Misleading Info,4396,3,13188,1
67961,Shirt,Wrong Material,3595,4,14380,1
67973,Sherwani,Wrong Size,11224,3,33672,1
67985,Salwar Kameez,Wrong Size,775,4,3100,1
67997,Churidars,Misleading Info,1739,3,5217,1
68009,Shirt,Defective Product,7040,10,70400,1
68021,Kurta,Defective Product,2422,3,7266,1
68033,Shirt,Defective Product,1828,6,10968,1
68045,Kurta,Defective Product,3337,10,33370,1
68057,Shirt,Defective Product,4316,3,12948,1
68069,Kurta,Defective Product,1405,9,12645,1
68081,Shirt,Defective Product,3150,9,28350,1
68093,Kurta,Defective Product,3645,10,36450,1
68105,Shirt,Defective Product,3137,9,28233,1
68117,Kurta,Defective Product,891,3,2673,1
68129,Saree,Defective Product,7818,1,7818,1
68141,Kurta,Defective Product,1305,9,11745,1
68153,Saree,Defective Product,1236,5,6180,2
68165,Kurta,Defective Product,3950,2,7900,1
68177,Kurta,Defective Product,6804,6,40824,1
68189,Kurta,Defective Product,1788,5,8940,1
68201,Saree,Defective Product,7972,7,55804,1
68213,Kurta,Defective Product,3649,10,36490,1
68225,Shirt,Defective Product,5086,3,15258,1
68237,Kurta,Defective Product,3662,7,25634,1
68249,Shirt,Defective Product,8474,1,8474,1
68261,Kurta,Defective Product,3552,10,35520,1
68273,Shirt,Defective Product,5749,3,17247,1
68285,Kurta,Defective Product,1304,10,13040,1
68297,Shirt,Misleading Info,431,8,3448,1
68309,Kurta,Defective Product,3989,1,3989,1
68321,Shirt,Misleading Info,4707,3,14121,1
68333,Kurta,Defective Product,2730,6,16380,1
68345,Saree,Misleading Info,2274,5,11370,1
68357,Kurta,Defective Product,1418,5,7090,1
68369,Kurta,Misleading Info,9500,10,95000,2
68381,Kurta,Defective Product,865,7,6055,1
68393,Shirt,Misleading Info,7793,2,15586,1
68405,Kurta,Defective Product,3727,3,11181,1
68417,Shirt,Misleading Info,4934,6,29604,1
68429,Kurta,Defective Product,3580,6,21480,1
68441,Shirt,Misleading Info,4249,3,12747,1
68453,Kurta,Defective Product,2969,10,29690,1
68465,Shirt,Misleading Info,4441,6,26646,1
68477,Kurta,Defective Product,3228,3,9684,1
68489,Shirt,Misleading Info,1337,10,13370,1
68501,Kurta,Defective Product,345,3,1035,1
68513,Shirt,Misleading Info,1960,7,13720,1
68525,Kurta,Defective Product,2588,1,2588,1
68537,Shirt,Misleading Info,2051,1,2051,1
68549,Kurta,Defective Product,457,8,3656,1
68561,Shirt,Misleading Info,5540,2,11080,1
68573,Kurta,Defective Product,3980,7,27860,2
68585,Shirt,Misleading Info,7401,7,51807,1
68597,Kurta,Defective Product,809,5,4045,1
68609,Shirt,Misleading Info,6551,5,32755,1
68621,Kurta,Defective Product,4224,2,8448,1
68633,Kurta,Misleading Info,2427,7,16989,1
68645,Kurta,Defective Product,4050,8,32400,1
68657,Shirt,Misleading Info,1057,3,3171,1
68669,Kurta,Defective Product,2246,9,20214,1
68681,Kurta,Misleading Info,9025,6,54150,1
68693,Kurta,Defective Product,2265,6,13590,1
68705,Kurta,Misleading Info,3830,6,22980,2
68717,Kurta,Defective Product,350,5,1750,1
68729,Kurta,Misleading Info,1620,8,12960,1
68741,Kurta,Defective Product,2726,3,8178,1
68753,Kurta,Misleading Info,7168,3,21504,1
68765,Kurta,Defective Product,3690,8,29520,1
68777,Shirt,Defective Product,3276,1,3276,1
68789,Kurta,Defective Product,2179,3,6537,1
68801,Shirt,Defective Product,6036,3,18108,1
68813,Kurta,Defective Product,2091,10,20910,1
68825,Shirt,Defective Product,8950,7,62650,1
68837,Kurta,Defective Product,3842,3,11526,1
68849,Shirt,Defective Product,8034,5,40170,2
68861,Kurta,Defective Product,3029,1,3029,1
68873,Shirt,Defective Product,3893,10,38930,1
68885,Kurta,Defective Product,2455,8,19640,1
68897,Shirt,Defective Product,4008,4,16032,1
68909,Kurta,Defective Product,1715,9,15435,1
68921,Shirt,Defective Product,8163,6,48978,2
68933,Kurta,Defective Product,1300,3,3900,1
68945,Shirt,Defective Product,3808,4,15232,1
68957,Kurta,Defective Product,4093,6,24558,2
68969,Shirt,Defective Product,7864,4,31456,1
68981,Kurta,Defective Product,2219,3,6657,1
68993,Shirt,Defective Product,9056,3,27168,1
69005,Kurta,Defective Product,2636,3,7908,1
69017,Shirt,Defective Product,1410,8,11280,1
69029,Kurta,Defective Product,740,9,6660,1
69041,Shirt,Defective Product,5888,5,29440,1
69053,Kurta,Defective Product,2102,2,4204,1
69065,Saree,Defective Product,8113,10,81130,1
69077,Kurta,Defective Product,3106,2,6212,1
69089,Shirt,Defective Product,4668,8,37344,1
69101,Kurta,Defective Product,309,9,2781,1
69113,Kurta,Defective Product,6055,4,24220,1
69125,Kurta,Defective Product,2489,5,12445,1
69137,Shirt,Defective Product,7048,3,21144,1
69149,Shirt,Defective Product,4005,10,40050,2
69161,Kurta,Defective Product,1319,1,1319,1
69173,Shirt,Defective Product,4378,3,13134,1
69185,Kurta,Defective Product,1700,10,17000,1
69197,Shirt,Defective Product,5788,7,40516,1
69209,Kurta,Defective Product,1794,2,3588,1
69221,Shirt,Defective Product,3560,1,3560,1
69233,Kurta,Defective Product,3524,3,10572,1
69245,Shirt,Defective Product,1581,7,11067,1
69257,Kurta,Defective Product,3839,6,23034,2
69269,Saree,Defective Product,2101,3,6303,1
69281,Kurta,Defective Product,1175,3,3525,1
69293,Kurta,Defective Product,1068,3,3204,1
69305,Kurta,Defective Product,2722,5,13610,1
69317,Shirt,Defective Product,8894,1,8894,1
69329,Kurta,Defective Product,618,1,618,1
69341,Kurta,Defective Product,4745,9,42705,2
69353,Kurta,Defective Product,2438,8,19504,1
69365,Shirt,Defective Product,7531,10,75310,1
69377,Kurta,Defective Product,1620,7,11340,1
69389,Shirt,Defective Product,8593,8,68744,1
69401,Kurta,Defective Product,2663,7,18641,1
69413,Shirt,Defective Product,659,9,5931,1
69425,Kurta,Defective Product,2173,5,10865,1
69437,Shirt,Defective Product,5827,5,29135,1
69449,Kurta,Defective Product,2291,8,18328,1
69461,Shirt,Defective Product,7396,10,73960,1
69473,Saree,Defective Product,8431,10,84310,2
69485,Saree,Defective Product,8772,7,61404,2
69497,Shirt,Defective Product,8275,10,82750,2
69509,Kurta,Defective Product,1228,5,6140,1
69521,Saree,Defective Product,4211,7,29477,1
69533,Kurta,Defective Product,1219,3,3657,1
69545,Saree,Defective Product,8333,3,24999,1
69557,Kurta,Defective Product,1091,9,9819,1
69569,Shirt,Defective Product,8258,9,74322,1
69581,Kurta,Defective Product,256,8,2048,1
69593,Shirt,Defective Product,2011,3,6033,1
69605,Kurta,Defective Product,498,10,4980,1
69617,Shirt,Defective Product,9800,5,49000,1
69629,Kurta,Defective Product,2301,7,16107,1
69641,Shirt,Defective Product,1889,1,1889,1
69653,Kurta,Defective Product,599,1,599,1
69665,Shirt,Defective Product,7867,3,23601,1
69677,Kurta,Defective Product,1721,8,13768,1
69689,Shirt,Defective Product,4924,7,34468,1
69701,Kurta,Defective Product,3607,5,18035,1
69713,Kurta,Misleading Info,9499,5,47495,1
69725,Kurta,Defective Product,1643,5,8215,1
69737,Kurta,Misleading Info,3851,2,7702,1
69749,Kurta,Defective Product,3171,3,9513,1
69761,Kurta,Misleading Info,8856,10,88560,1
69773,Kurta,Defective Product,3235,9,29115,1
69785,Kurta,Misleading Info,4354,2,8708,1
69797,Kurta,Defective Product,3607,4,14428,1
69809,Kurta,Misleading Info,3982,6,23892,2
69821,Kurta,Defective Product,808,5,4040,2
69833,Shirt,Misleading Info,6510,6,39060,1
69845,Kurta,Defective Product,1799,2,3598,1
69857,Shirt,Misleading Info,6283,10,62830,1
69869,Kurta,Defective Product,3548,8,28384,1
69881,Shirt,Misleading Info,3556,1,3556,1
69893,Kurta,Defective Product,2717,4,10868,1
69905,Kurta,Misleading Info,492,1,492,1
69917,Kurta,Defective Product,4407,10,44070,2
69929,Saree,Misleading Info,7474,8,59792,1
69941,Kurta,Defective Product,1234,7,8638,1
69953,Shirt,Misleading Info,7373,4,29492,1
69965,Kurta,Defective Product,1440,9,12960,1
69977,Shirt,Poor Quality,7930,10,79300,1
69989,Kurta,Misleading Info,2101,8,16808,1
70001,Shirt,Misleading Info,3267,8,26136,1
70013,Kurta,Defective Product,4216,1,4216,1
70025,Shirt,Poor Quality,1951,8,15608,1
70037,Kurta,Defective Product,386,8,3088,1
70049,Shirt,Poor Quality,2422,1,2422,1
70061,Kurta,Defective Product,305,7,2135,1
70073,Shirt,Misleading Info,8698,3,26094,1
70085,Kurta,Defective Product,1254,10,12540,1
70097,Shirt,Misleading Info,834,2,1668,1
70109,Kurta,Defective Product,927,1,927,1
70121,Saree,Poor Quality,498,9,4482,1
70133,Kurta,Misleading Info,4109,1,4109,1
70145,Kurta,Misleading Info,994,7,6958,1
70157,Shirt,Defective Product,4304,1,4304,1
70169,Saree,Poor Quality,2563,7,17941,1
70181,Kurta,Defective Product,1474,10,14740,2
70193,Shirt,Defective Product,1639,5,8195,1
70205,Kurta,Defective Product,2382,10,23820,1
70217,Shirt,Misleading Info,6157,9,55413,1
70229,Kurta,Defective Product,4176,9,37584,1
70241,Saree,Poor Quality,6048,6,36288,1
70253,Kurta,Defective Product,1097,8,8776,1
70265,Saree,Poor Quality,6937,6,41622,1
70277,Kurta,Defective Product,4221,3,12663,1
70289,Saree,Poor Quality,2722,9,24498,1
70301,Kurta,Defective Product,1662,7,11634,1
70313,Shirt,Defective Product,567,5,2835,1
70325,Kurta,Defective Product,4381,2,8762,1
70337,Saree,Poor Quality,5301,10,53010,2
70349,Kurta,Defective Product,3177,5,15885,1
70361,Shirt,Defective Product,6970,6,41820,1
70373,Kurta,Defective Product,3554,4,14216,1
70385,Shirt,Defective Product,3390,6,20340,1
70397,Kurta,Defective Product,3096,4,12384,1
70409,Shirt,Defective Product,1393,8,11144,2
70421,Kurta,Defective Product,4333,3,12999,1
70433,Shirt,Defective Product,2055,7,14385,1
70445,Kurta,Defective Product,2275,8,18200,1
70457,Shirt,Defective Product,4335,10,43350,1
70469,Kurta,Defective Product,689,2,1378,1
70481,Shirt,Defective Product,9682,8,77456,1
70493,Kurta,Defective Product,1153,9,10377,1
70505,Shirt,Defective Product,9661,6,57966,1
70517,Kurta,Defective Product,2633,3,7899,1
70529,Shirt,Defective Product,7743,4,30972,1
70541,Kurta,Defective Product,877,7,6139,1
70553,Shirt,Defective Product,2873,3,8619,1
70565,Kurta,Defective Product,2110,2,4220,1
70577,Shirt,Defective Product,1617,8,12936,1
70589,Kurta,Defective Product,2508,9,22572,1
70601,Shirt,Defective Product,576,5,2880,2
70613,Kurta,Defective Product,3889,8,31112,1
70625,Saree,Defective Product,5994,2,11988,1
70637,Kurta,Defective Product,3089,6,18534,1
70649,Saree,Defective Product,5389,3,16167,1
70661,Kurta,Defective Product,2530,9,22770,1
70673,Shirt,Defective Product,5717,9,51453,1
70685,Kurta,Defective Product,1569,5,7845,1
70697,Kurta,Defective Product,7439,9,66951,1
70709,Kurta,Defective Product,3461,3,10383,1
70721,Shirt,Defective Product,9866,10,98660,1
70733,Kurta,Defective Product,2081,8,16648,1
70745,Shirt,Defective Product,6435,4,25740,1
70757,Kurta,Defective Product,1645,3,4935,1
70769,Shirt,Defective Product,437,4,1748,1
70781,Kurta,Defective Product,1049,6,6294,1
70793,Shirt,Defective Product,7025,10,70250,1
70805,Kurta,Defective Product,507,9,4563,1
70817,Shirt,Defective Product,9174,7,64218,1
70829,Shirt,Defective Product,8869,10,88690,1
70841,Kurta,Defective Product,3686,9,33174,1
70853,Saree,Defective Product,4485,1,4485,1
70865,Kurta,Defective Product,3986,4,15944,1
70877,Saree,Misleading Info,3489,4,13956,2
70889,Kurta,Defective Product,2317,1,2317,1
70901,Kurta,Defective Product,4374,4,17496,1
70913,Saree,Poor Quality,5358,5,26790,1
70925,Kurta,Defective Product,1402,5,7010,1
70937,Saree,Poor Quality,7951,6,47706,1
70949,Kurta,Defective Product,1189,10,11890,1
70961,Saree,Misleading Info,5328,2,10656,1
70973,Kurta,Defective Product,3027,10,30270,1
70985,Saree,Poor Quality,7177,9,64593,1
70997,Kurta,Defective Product,1043,1,1043,1
71009,Saree,Poor Quality,7196,9,64764,1
71021,Kurta,Defective Product,1342,5,6710,1
71033,Kurta,Defective Product,2292,9,20628,1
71045,Saree,Poor Quality,2288,5,11440,1
71057,Kurta,Defective Product,1968,7,13776,1
71069,Shirt,Defective Product,8123,9,73107,1
71081,Kurta,Defective Product,4072,5,20360,1
71093,Kurta,Misleading Info,1200,6,7200,1
71105,Kurta,Defective Product,2763,1,2763,1
71117,Shirt,Misleading Info,2531,7,17717,1
71129,Kurta,Defective Product,2108,7,14756,1
71141,Shirt,Misleading Info,2718,7,19026,1
71153,Kurta,Defective Product,3681,3,11043,1
71165,Shirt,Misleading Info,4454,4,17816,2
71177,Kurta,Defective Product,326,5,1630,1
71189,Shirt,Misleading Info,3807,3,11421,1
71201,Kurta,Defective Product,1877,10,18770,1
71213,Shirt,Poor Quality,946,1,946,1
71225,Saree,Poor Quality,6329,2,12658,1
71237,Kurta,Defective Product,1253,3,3759,1
71249,Saree,Poor Quality,5376,6,32256,1
71261,Kurta,Defective Product,3910,7,27370,1
71273,Shirt,Defective Product,6804,3,20412,1
71285,Kurta,Defective Product,1760,7,12320,1
71297,Saree,Poor Quality,679,9,6111,1
71309,Kurta,Defective Product,1551,5,7755,1
71321,Saree,Poor Quality,2454,2,4908,1
71333,Kurta,Defective Product,1113,3,3339,1
71345,Shirt,Poor Quality,4608,10,46080,1
71357,Kurta,Defective Product,2949,7,20643,1
71369,Shirt,Poor Quality,3680,6,22080,1
71381,Kurta,Defective Product,3872,8,30976,1
71393,Shirt,Poor Quality,5491,1,5491,1
71405,Kurta,Defective Product,4062,4,16248,1
71417,Shirt,Poor Quality,2161,10,21610,1
71429,Kurta,Defective Product,2516,3,7548,1
71441,Shirt,Poor Quality,6660,4,26640,1
71453,Kurta,Defective Product,1007,4,4028,1
71465,Saree,Poor Quality,8326,2,16652,1
71477,Kurta,Defective Product,3243,9,29187,1
71489,Saree,Poor Quality,4964,3,14892,1
71501,Kurta,Defective Product,4013,4,16052,1
71513,Shirt,Defective Product,5362,9,48258,1
71525,Kurta,Defective Product,3832,4,15328,1
71537,Saree,Poor Quality,5397,8,43176,1
71549,Kurta,Defective Product,280,3,840,1
71561,Saree,Poor Quality,784,6,4704,1
71573,Kurta,Defective Product,3279,6,19674,2
71585,Shirt,Defective Product,8697,3,26091,1
71597,Kurta,Defective Product,1928,4,7712,1
71609,Saree,Defective Product,9008,3,27024,1
71621,Kurta,Defective Product,3239,5,16195,1
71633,Saree,Defective Product,887,2,1774,1
71645,Kurta,Defective Product,1667,10,16670,1
71657,Kurta,Defective Product,5182,5,25910,1
71669,Kurta,Defective Product,3309,2,6618,1
71681,Kurta,Defective Product,3644,4,14576,1
71693,Kurta,Defective Product,322,8,2576,1
71705,Kurta,Defective Product,1411,8,11288,1
71717,Kurta,Defective Product,8925,7,62475,1
71729,Kurta,Defective Product,8271,10,82710,1
71741,Kurta,Defective Product,6240,6,37440,1
71753,Kurta,Defective Product,749,10,7490,1
71765,Kurta,Defective Product,5669,8,45352,1
71777,Kurta,Defective Product,3294,10,32940,1
71789,Kurta,Defective Product,9313,5,46565,1
71801,Kurta,Defective Product,3404,7,23828,1
71813,Kurta,Defective Product,8353,5,41765,2
71825,Kurta,Defective Product,3660,4,14640,1
71837,Kurta,Defective Product,6714,2,13428,1
71849,Kurta,Defective Product,2704,10,27040,1
71861,Kurta,Defective Product,5355,3,16065,1
71873,Kurta,Defective Product,1614,4,6456,1
71885,Shirt,Defective Product,1401,6,8406,1
71897,Kurta,Defective Product,995,9,8955,1
71909,Shirt,Defective Product,2648,6,15888,1
71921,Kurta,Defective Product,2345,8,18760,1
71933,Saree,Defective Product,2019,5,10095,1
71945,Shirt,Defective Product,3264,5,16320,1
71957,Shirt,Defective Product,6568,10,65680,1
71969,Shirt,Defective Product,2463,8,19704,1
71981,Shirt,Defective Product,1211,9,10899,2
71993,Kurta,Defective Product,3585,4,14340,1
72005,Shirt,Defective Product,679,8,5432,1
72017,Kurta,Defective Product,2289,7,16023,1
72029,Shirt,Defective Product,7350,8,58800,1
72041,Kurta,Defective Product,4341,9,39069,1
72053,Shirt,Defective Product,6831,10,68310,1
72065,Kurta,Defective Product,318,8,2544,1
72077,Shirt,Defective Product,8712,9,78408,1
72089,Kurta,Defective Product,2198,8,17584,1
72101,Shirt,Defective Product,1368,5,6840,1
72113,Kurta,Defective Product,4463,1,4463,1
72125,Shirt,Defective Product,9417,3,28251,1
72137,Kurta,Defective Product,2112,9,19008,1
72149,Saree,Defective Product,436,7,3052,1
72161,Kurta,Defective Product,2683,4,10732,1
72173,Kurta,Defective Product,5053,6,30318,1
72185,Kurta,Defective Product,4063,4,16252,2
72197,Kurta,Defective Product,2821,1,2821,1
72209,Kurta,Defective Product,2250,9,20250,1
72221,Shirt,Defective Product,8449,1,8449,1
72233,Kurta,Defective Product,672,8,5376,1
72245,Shirt,Defective Product,7667,4,30668,1
72257,Kurta,Defective Product,2961,1,2961,1
72269,Shirt,Defective Product,3993,7,27951,1
72281,Kurta,Defective Product,3862,3,11586,1
72293,Kurta,Defective Product,7733,5,38665,1
72305,Kurta,Defective Product,2141,9,19269,1
72317,Kurta,Defective Product,4850,5,24250,1
72329,Kurta,Defective Product,3925,2,7850,1
72341,Kurta,Defective Product,9388,6,56328,1
72353,Kurta,Defective Product,1542,3,4626,1
72365,Kurta,Defective Product,2389,8,19112,1
72377,Kurta,Defective Product,2253,2,4506,1
72389,Kurta,Defective Product,8795,2,17590,1
72401,Kurta,Defective Product,463,4,1852,1
72413,Kurta,Defective Product,9252,4,37008,2
72425,Kurta,Defective Product,2872,10,28720,1
72437,Kurta,Defective Product,2158,10,21580,1
72449,Kurta,Defective Product,1494,6,8964,1
72461,Kurta,Defective Product,4448,8,35584,1
72473,Kurta,Defective Product,2367,1,2367,1
72485,Kurta,Defective Product,1059,5,5295,1
72497,Kurta,Defective Product,1862,7,13034,1
72509,Shirt,Defective Product,8244,4,32976,1
72521,Kurta,Defective Product,1756,8,14048,1
72533,Shirt,Defective Product,511,4,2044,1
72545,Kurta,Defective Product,3019,3,9057,1
72557,Kurta,Defective Product,499,8,3992,2
72569,Kurta,Defective Product,517,3,1551,1
72581,Saree,Poor Quality,8659,8,69272,1
72593,Kurta,Defective Product,2346,8,18768,1
72605,Saree,Poor Quality,3120,5,15600,1
72617,Kurta,Defective Product,1414,9,12726,1
72629,Shirt,Defective Product,8019,6,48114,1
72641,Kurta,Defective Product,2558,1,2558,1
72653,Saree,Poor Quality,5833,5,29165,2
72665,Kurta,Defective Product,1006,10,10060,1
72677,Saree,Poor Quality,8459,3,25377,1
72689,Kurta,Defective Product,4436,5,22180,1
72701,Shirt,Defective Product,6665,3,19995,1
72713,Kurta,Defective Product,3092,10,30920,1
72725,Saree,Poor Quality,8534,1,8534,1
72737,Kurta,Defective Product,1561,2,3122,1
72749,Saree,Poor Quality,639,10,6390,1
72761,Kurta,Defective Product,877,1,877,1
72773,Shirt,Poor Quality,1460,4,5840,1
72785,Kurta,Defective Product,3674,6,22044,1
72797,Shirt,Poor Quality,1495,7,10465,1
72809,Kurta,Defective Product,3350,3,10050,1
72821,Shirt,Poor Quality,8568,10,85680,1
72833,Kurta,Defective Product,3344,6,20064,1
72845,Shirt,Poor Quality,670,3,2010,1
72857,Kurta,Defective Product,1099,7,7693,1
72869,Shirt,Poor Quality,8944,1,8944,1
72881,Kurta,Defective Product,679,5,3395,2
72893,Saree,Poor Quality,6158,5,30790,1
72905,Kurta,Defective Product,3401,4,13604,1
72917,Shirt,Defective Product,4865,7,34055,1
72929,Kurta,Defective Product,1620,8,12960,1
72941,Saree,Poor Quality,3516,9,31644,1
72953,Kurta,Defective Product,1856,1,1856,1
72965,Saree,Poor Quality,9592,2,19184,1
72977,Kurta,Defective Product,3633,1,3633,1
72989,Saree,Poor Quality,5464,8,43712,1
73001,Kurta,Defective Product,438,1,438,1
73013,Saree,Poor Quality,5089,10,50890,1
73025,Kurta,Defective Product,2527,8,20216,1
73037,Shirt,Defective Product,2199,8,17592,1
73049,Kurta,Defective Product,1104,5,5520,1
73061,Shirt,Poor Quality,8609,3,25827,1
73073,Shirt,Poor Quality,9616,2,19232,1
73085,Kurta,Defective Product,2317,8,18536,1
73097,Shirt,Poor Quality,1190,7,8330,1
73109,Kurta,Defective Product,819,1,819,1
73121,Shirt,Defective Product,4034,7,28238,1
73133,Kurta,Defective Product,1157,2,2314,1
73145,Kurta,Defective Product,827,4,3308,1
73157,Shirt,Defective Product,2484,2,4968,1
73169,Kurta,Defective Product,3663,2,7326,1
73181,Kurta,Defective Product,2391,7,16737,1
73193,Kurta,Defective Product,2930,1,2930,1
73205,Saree,Defective Product,6283,3,18849,1
73217,Kurta,Defective Product,1106,6,6636,2
73229,Saree,Defective Product,8128,4,32512,1
73241,Kurta,Defective Product,3330,2,6660,1
73253,Kurta,Defective Product,4035,4,16140,1
73265,Kurta,Defective Product,3044,4,12176,1
73277,Kurta,Defective Product,2366,8,18928,1
73289,Saree,Defective Product,8920,1,8920,1
73301,Kurta,Defective Product,2039,2,4078,1
73313,Kurta,Defective Product,4529,1,4529,1
73325,Kurta,Defective Product,2032,10,20320,1
73337,Shirt,Defective Product,6552,9,58968,1
73349,Kurta,Defective Product,3642,10,36420,2
73361,Shirt,Defective Product,4800,1,4800,1
73373,Kurta,Defective Product,3951,5,19755,1
73385,Shirt,Defective Product,9842,9,88578,1
73397,Kurta,Defective Product,713,10,7130,1
73409,Shirt,Defective Product,4966,4,19864,1
73421,Kurta,Defective Product,3124,8,24992,1
73433,Shirt,Defective Product,3807,2,7614,1
73445,Kurta,Defective Product,2265,4,9060,1
73457,Kurta,Defective Product,4637,3,13911,1
73469,Kurta,Defective Product,5204,5,26020,1
73481,Kurta,Defective Product,3323,4,13292,1
73493,Saree,Poor Quality,9506,3,28518,1
73505,Kurta,Defective Product,3785,7,26495,1
73517,Shirt,Defective Product,7891,5,39455,1
73529,Kurta,Defective Product,1375,7,9625,1
73541,Shirt,Poor Quality,4221,6,25326,1
73553,Kurta,Defective Product,3792,9,34128,1
73565,Shirt,Poor Quality,9026,2,18052,1
73577,Kurta,Defective Product,2865,6,17190,1
73589,Shirt,Poor Quality,4149,6,24894,1
73601,Kurta,Defective Product,3696,10,36960,1
73613,Shirt,Poor Quality,1268,7,8876,1
73625,Kurta,Defective Product,1037,3,3111,1
73637,Shirt,Poor Quality,8696,10,86960,1
73649,Kurta,Defective Product,1482,1,1482,1
73661,Saree,Poor Quality,6253,2,12506,1
73673,Kurta,Defective Product,4147,1,4147,1