Date,Month,Region,Factory Code,Model,Actual Quantity Produced
1/30/2024,January,North,F002N,Tablet,41
1/27/2024,January,South,F003S,Smartphone,34
1/21/2024,January,West,F003W,Phablet,17
1/2/2024,January,North,F002N,Tablet,26
1/23/2024,January,South,F001S,Smartphone,90
1/24/2024,January,West,F001W,Phablet,9
1/21/2024,January,North,F003N,Tablet,26
1/9/2024,January,South,F001S,Smartphone,69
1/16/2024,January,West,F003W,Phablet,15
1/15/2024,January,North,F002N,Tablet,105
1/26/2024,January,South,F002S,Smartphone,32
1/30/2024,January,West,F001W,Phablet,52
1/14/2024,January,North,F001N,Tablet,27
1/23/2024,January,South,F003S,Smartphone,31
1/18/2024,January,West,F003W,Phablet,24
1/24/2024,January,North,F003N,Tablet,142
1/14/2024,January,South,F001S,Smartphone,100
1/15/2024,January,West,F003W,Phablet,102
1/13/2024,January,North,F001N,Tablet,11
1/15/2024,January,South,F002S,Smartphone,89
1/17/2024,January,West,F003W,Phablet,53
1/3/2024,January,North,F002N,Tablet,135
1/16/2024,January,South,F002S,Smartphone,101
1/13/2024,January,West,F002W,Phablet,83
1/4/2024,January,North,F002N,Tablet,112
1/16/2024,January,South,F002S,Smartphone,33
1/19/2024,January,West,F003W,Phablet,37
1/8/2024,January,North,F003N,Tablet,55
1/4/2024,January,South,F003S,Smartphone,40
2/27/2024,February,North,F003N,Phablet,38
2/25/2024,February,South,F001S,Tablet,98
2/5/2024,February,West,F003W,Smartphone,91
2/13/2024,February,North,F001N,Phablet,100
2/14/2024,February,South,F002S,Tablet,5
2/29/2024,February,West,F003W,Smartphone,128
2/2/2024,February,North,F002N,Phablet,78
2/5/2024,February,South,F001S,Tablet,115
2/14/2024,February,West,F003W,Smartphone,77
2/27/2024,February,North,F003N,Phablet,94
2/29/2024,February,South,F003S,Tablet,59
2/24/2024,February,West,F002W,Smartphone,140
2/24/2024,February,North,F003N,Phablet,65
2/4/2024,February,South,F003S,Tablet,97
2/20/2024,February,West,F001W,Smartphone,12
2/24/2024,February,North,F002N,Phablet,31
2/14/2024,February,South,F002S,Tablet,108
2/5/2024,February,West,F001W,Smartphone,52
2/3/2024,February,North,F001N,Phablet,26
2/14/2024,February,South,F001S,Tablet,31
2/4/2024,February,West,F001W,Smartphone,133
2/4/2024,February,North,F003N,Phablet,62
2/29/2024,February,South,F003S,Tablet,111
2/24/2024,February,West,F002W,Smartphone,57
2/19/2024,February,North,F003N,Phablet,59
2/10/2024,February,South,F003S,Tablet,126
3/1/2024,February,West,F002W,Smartphone,21
2/9/2024,February,North,F003N,Phablet,27
2/23/2024,February,South,F001S,Tablet,137
2/20/2024,February,West,F002W,Smartphone,100
2/2/2024,February,West,F002W,Smartphone,122
3/21/2024,March,North,F002N,Phablet,112
3/15/2024,March,South,F001S,Tablet,79
3/22/2024,March,West,F002W,Smartphone,141
3/30/2024,March,North,F001N,Phablet,108
3/3/2024,March,South,F001S,Tablet,77
3/23/2024,March,West,F003W,Smartphone,113
3/9/2024,March,North,F002N,Phablet,5
3/27/2024,March,South,F003S,Tablet,29
3/18/2024,March,West,F001W,Smartphone,125
3/16/2024,March,North,F001N,Phablet,66
3/13/2024,March,South,F001S,Tablet,95
3/11/2024,March,West,F003W,Smartphone,81
3/27/2024,March,North,F001N,Phablet,28
3/8/2024,March,South,F001S,Tablet,65
3/5/2024,March,West,F002W,Smartphone,86
3/17/2024,March,North,F001N,Phablet,0
3/1/2024,March,South,F003S,Tablet,3
3/20/2024,March,West,F002W,Smartphone,77
3/19/2024,March,North,F001N,Phablet,33
3/28/2024,March,South,F001S,Tablet,131
3/30/2024,March,West,F001W,Smartphone,81
3/1/2024,March,North,F002N,Phablet,56
3/10/2024,March,South,F001S,Tablet,13
3/15/2024,March,West,F002W,Smartphone,106
3/17/2024,March,North,F001N,Phablet,84
3/5/2024,March,South,F001S,Tablet,144
3/22/2024,March,West,F003W,Smartphone,107
3/21/2024,March,North,F001N,Phablet,3
3/6/2024,March,South,F001S,Tablet,84
3/9/2024,March,West,F002W,Smartphone,93
4/8/2024,April,North,F002N,Phablet,130
4/19/2024,April,South,F003S,Tablet,90
4/4/2024,April,West,F003W,Smartphone,39
4/27/2024,April,North,F001N,Phablet,63
4/4/2024,April,South,F001S,Tablet,106
4/29/2024,April,West,F003W,Smartphone,59
4/8/2024,April,North,F001N,Phablet,125
4/8/2024,April,South,F003S,Tablet,4
4/14/2024,April,West,F002W,Smartphone,139
4/6/2024,April,North,F002N,Phablet,129
4/13/2024,April,South,F003S,Tablet,15
4/5/2024,April,West,F003W,Smartphone,10
4/23/2024,April,North,F002N,Phablet,104
4/19/2024,April,South,F002S,Tablet,144
4/15/2024,April,West,F001W,Smartphone,119
4/6/2024,April,North,F001N,Phablet,69
4/16/2024,April,South,F003S,Tablet,59
4/1/2024,April,West,F003W,Smartphone,82
4/6/2024,April,North,F002N,Phablet,59
4/7/2024,April,South,F003S,Tablet,115
4/14/2024,April,West,F003W,Smartphone,52
4/15/2024,April,North,F002N,Phablet,148
4/9/2024,April,South,F002S,Tablet,32
4/23/2024,April,West,F003W,Smartphone,107
4/20/2024,April,North,F003N,Phablet,4
4/14/2024,April,South,F002S,Tablet,129
4/7/2024,April,West,F002W,Smartphone,78
4/2/2024,April,North,F003N,Phablet,59
4/11/2024,April,South,F003S,Tablet,41
4/25/2024,April,West,F003W,Smartphone,123
4/20/2024,April,North,F001N,Phablet,116
5/1/2024,May,South,F001S,Tablet,80
5/9/2024,May,West,F002W,Smartphone,42
5/27/2024,May,North,F002N,Phablet,23
5/20/2024,May,South,F003S,Tablet,122
5/6/2024,May,West,F002W,Smartphone,101
5/30/2024,May,North,F001N,Phablet,77
5/29/2024,May,South,F002S,Tablet,5
5/12/2024,May,West,F001W,Smartphone,50
5/7/2024,May,North,F003N,Phablet,109
5/11/2024,May,South,F001S,Tablet,136
5/30/2024,May,West,F003W,Smartphone,37
5/22/2024,May,North,F003N,Phablet,10
5/27/2024,May,South,F003S,Tablet,129
5/3/2024,May,West,F002W,Smartphone,36
5/27/2024,May,North,F001N,Phablet,86
5/8/2024,May,South,F003S,Tablet,8
5/11/2024,May,West,F002W,Smartphone,91
5/9/2024,May,North,F002N,Phablet,101
5/4/2024,May,South,F002S,Tablet,47
5/7/2024,May,West,F003W,Smartphone,30
5/15/2024,May,North,F002N,Phablet,124
5/23/2024,May,South,F002S,Tablet,35
5/15/2024,May,West,F003W,Smartphone,113
5/4/2024,May,North,F002N,Phablet,108
5/6/2024,May,South,F003S,Tablet,48
5/25/2024,May,West,F003W,Smartphone,138
5/27/2024,May,North,F002N,Phablet,58
5/30/2024,May,South,F002S,Tablet,105
5/28/2024,May,West,F002W,Smartphone,76
5/26/2024,May,North,F001N,Phablet,127
6/17/2024,June,South,F001S,Tablet,89
6/16/2024,June,West,F001W,Smartphone,107
6/5/2024,June,North,F002N,Phablet,99
6/7/2024,June,South,F001S,Tablet,13
6/15/2024,June,West,F001W,Smartphone,135
6/16/2024,June,North,F002N,Phablet,32
6/30/2024,June,South,F002S,Tablet,37
6/18/2024,June,West,F002W,Smartphone,73
6/3/2024,June,North,F003N,Phablet,126
6/13/2024,June,South,F002S,Tablet,37
6/8/2024,June,West,F001W,Smartphone,121
6/12/2024,June,North,F001N,Phablet,123
6/16/2024,June,South,F002S,Tablet,139
6/14/2024,June,West,F001W,Smartphone,80
6/15/2024,June,North,F002N,Phablet,0
6/24/2024,June,South,F002S,Tablet,116
6/11/2024,June,West,F001W,Smartphone,99
6/15/2024,June,North,F001N,Phablet,97
6/28/2024,June,South,F001S,Tablet,23
6/4/2024,June,West,F003W,Smartphone,40
6/5/2024,June,North,F001N,Phablet,96
6/9/2024,June,South,F002S,Tablet,130
6/13/2024,June,West,F001W,Smartphone,17
6/14/2024,June,North,F003N,Phablet,36
6/22/2024,June,South,F003S,Tablet,121
6/10/2024,June,West,F003W,Smartphone,21
6/20/2024,June,North,F002N,Phablet,119
6/18/2024,June,South,F001S,Tablet,93
7/5/2024,July,West,F002W,Smartphone,60
7/2/2024,July,North,F003N,Phablet,40
7/1/2024,July,South,F002S,Tablet,6
7/3/2024,July,West,F002W,Smartphone,81
7/24/2024,July,North,F001N,Phablet,72
7/27/2024,July,South,F002S,Tablet,102
7/12/2024,July,West,F002W,Smartphone,38
7/9/2024,July,North,F001N,Phablet,67
7/30/2024,July,South,F002S,Tablet,39
7/5/2024,July,West,F002W,Smartphone,102
7/4/2024,July,North,F001N,Phablet,73
7/13/2024,July,South,F003S,Tablet,130
7/23/2024,July,West,F002W,Smartphone,57
7/22/2024,July,North,F001N,Phablet,58
7/19/2024,July,South,F003S,Tablet,26
7/17/2024,July,West,F003W,Smartphone,133
7/22/2024,July,North,F003N,Phablet,48
7/6/2024,July,South,F002S,Tablet,59
7/8/2024,July,West,F002W,Smartphone,14
7/10/2024,July,North,F002N,Phablet,106
7/27/2024,July,South,F001S,Tablet,9
7/9/2024,July,West,F002W,Smartphone,40
7/4/2024,July,North,F001N,Phablet,44
7/9/2024,July,South,F002S,Tablet,139
7/7/2024,July,West,F003W,Smartphone,69
7/7/2024,July,North,F001N,Phablet,69
7/13/2024,July,South,F002S,Tablet,76
7/28/2024,July,West,F001W,Smartphone,72
7/20/2024,July,North,F001N,Phablet,20
7/16/2024,July,South,F003S,Tablet,19
7/30/2024,July,West,F002W,Smartphone,54
8/10/2024,August,North,F003N,Phablet,122
8/29/2024,August,South,F003S,Tablet,28
8/19/2024,August,West,F002W,Smartphone,117
8/11/2024,August,North,F001N,Phablet,49
8/17/2024,August,South,F003S,Tablet,67
8/9/2024,August,West,F002W,Smartphone,13
8/27/2024,August,North,F003N,Phablet,54
8/19/2024,August,South,F003S,Tablet,109
8/19/2024,August,West,F003W,Smartphone,96
8/30/2024,August,North,F001N,Phablet,111
8/29/2024,August,South,F003S,Tablet,68
8/4/2024,August,West,F003W,Smartphone,16
8/14/2024,August,North,F003N,Phablet,3
8/27/2024,August,South,F002S,Tablet,12
8/25/2024,August,West,F003W,Smartphone,29
8/13/2024,August,North,F003N,Phablet,44
8/9/2024,August,South,F001S,Tablet,53
8/25/2024,August,West,F002W,Smartphone,3
8/1/2024,August,North,F001N,Phablet,94
8/19/2024,August,South,F001S,Tablet,23
8/1/2024,August,West,F001W,Smartphone,73
8/22/2024,August,North,F003N,Phablet,100
8/24/2024,August,South,F002S,Tablet,16
8/19/2024,August,West,F001W,Smartphone,41
8/7/2024,August,North,F003N,Phablet,66
8/3/2024,August,South,F003S,Tablet,148
8/4/2024,August,West,F003W,Smartphone,18
8/28/2024,August,North,F002N,Phablet,113
8/23/2024,August,South,F002S,Tablet,53
8/24/2024,August,West,F001W,Smartphone,55
8/15/2024,August,North,F003N,Phablet,61
9/7/2024,September,South,F002S,Tablet,66
9/20/2024,September,West,F002W,Smartphone,12
9/13/2024,September,North,F002N,Phablet,53
9/19/2024,September,South,F002S,Tablet,73
9/23/2024,September,West,F002W,Smartphone,77
9/24/2024,September,North,F003N,Phablet,20
9/30/2024,September,South,F002S,Tablet,64
9/18/2024,September,West,F003W,Smartphone,102
9/19/2024,September,North,F003N,Phablet,11
9/25/2024,September,South,F003S,Tablet,82
9/22/2024,September,West,F003W,Smartphone,86
9/25/2024,September,North,F002N,Phablet,71
9/17/2024,September,South,F001S,Tablet,18
9/12/2024,September,West,F003W,Smartphone,125
9/28/2024,September,North,F001N,Phablet,137
9/30/2024,September,South,F003S,Tablet,64
9/17/2024,September,West,F002W,Smartphone,103
9/28/2024,September,North,F003N,Phablet,50
9/1/2024,September,South,F001S,Tablet,13
9/20/2024,September,West,F003W,Smartphone,63
9/26/2024,September,North,F002N,Phablet,50
9/14/2024,September,South,F003S,Tablet,86
9/13/2024,September,West,F003W,Smartphone,18
9/23/2024,September,North,F003N,Phablet,101
9/25/2024,September,South,F002S,Tablet,33
9/27/2024,September,West,F003W,Smartphone,50
9/12/2024,September,North,F003N,Phablet,92
9/17/2024,September,South,F001S,Tablet,7
9/24/2024,September,West,F002W,Smartphone,45
9/22/2024,September,North,F003N,Phablet,108
9/19/2024,September,South,F002S,Tablet,127
10/10/2024,October,West,F003W,Smartphone,30
10/8/2024,October,North,F001N,Phablet,93
10/14/2024,October,South,F002S,Tablet,43
10/19/2024,October,West,F003W,Smartphone,109
10/15/2024,October,North,F003N,Phablet,39
10/6/2024,October,South,F001S,Tablet,24
10/12/2024,October,West,F002W,Smartphone,11
10/20/2024,October,North,F002N,Phablet,44
10/5/2024,October,South,F003S,Tablet,6
10/6/2024,October,West,F002W,Smartphone,28
10/22/2024,October,North,F002N,Phablet,10
10/24/2024,October,South,F002S,Tablet,88
10/19/2024,October,West,F003W,Smartphone,27
10/21/2024,October,North,F003N,Phablet,145
10/12/2024,October,South,F002S,Tablet,49
10/16/2024,October,West,F003W,Smartphone,96
10/9/2024,October,North,F003N,Phablet,17
10/3/2024,October,South,F001S,Tablet,20
10/5/2024,October,West,F003W,Smartphone,50
10/21/2024,October,North,F003N,Phablet,30
10/28/2024,October,South,F001S,Tablet,142
10/5/2024,October,West,F001W,Smartphone,108
10/23/2024,October,North,F001N,Phablet,31
10/4/2024,October,South,F003S,Tablet,61
10/11/2024,October,West,F001W,Smartphone,123
10/22/2024,October,North,F002N,Phablet,28
10/30/2024,October,South,F002S,Tablet,15
10/29/2024,October,West,F003W,Smartphone,15
10/15/2024,October,North,F002N,Phablet,4
10/10/2024,October,South,F002S,Tablet,63
10/5/2024,October,West,F003W,Smartphone,71
10/15/2024,October,North,F003N,Phablet,96
11/3/2024,November,South,F003S,Tablet,108
11/22/2024,November,West,F001W,Smartphone,137
11/1/2024,November,North,F002N,Phablet,33
11/10/2024,November,South,F002S,Tablet,30
11/2/2024,November,West,F001W,Smartphone,46
11/18/2024,November,North,F001N,Phablet,93
11/2/2024,November,South,F001S,Tablet,86
11/21/2024,November,West,F001W,Smartphone,26
11/9/2024,November,North,F001N,Phablet,51
11/11/2024,November,South,F001S,Tablet,119
11/10/2024,November,West,F002W,Smartphone,76
11/6/2024,November,North,F003N,Phablet,29
11/5/2024,November,South,F003S,Tablet,108
11/19/2024,November,West,F001W,Smartphone,116
11/4/2024,November,North,F003N,Phablet,80
11/23/2024,November,South,F001S,Tablet,26
11/26/2024,November,West,F003W,Smartphone,104
11/29/2024,November,North,F001N,Phablet,57
11/28/2024,November,South,F002S,Tablet,131
11/20/2024,November,West,F001W,Smartphone,100
11/8/2024,November,North,F001N,Phablet,36
11/27/2024,November,South,F002S,Tablet,107
11/16/2024,November,West,F002W,Smartphone,58
11/1/2024,November,North,F001N,Phablet,74
11/9/2024,November,South,F001S,Tablet,96
11/19/2024,November,West,F001W,Smartphone,134
11/21/2024,November,North,F001N,Phablet,67
11/14/2024,November,South,F003S,Tablet,132
11/28/2024,November,West,F002W,Smartphone,116
11/3/2024,November,North,F001N,Phablet,37
12/14/2024,December,South,F002S,Tablet,54
12/5/2024,December,West,F001W,Smartphone,123
12/24/2024,December,North,F002N,Phablet,40
12/16/2024,December,South,F002S,Tablet,130
12/13/2024,December,West,F003W,Smartphone,108
12/24/2024,December,North,F003N,Phablet,30
12/26/2024,December,South,F001S,Tablet,72
12/20/2024,December,West,F001W,Smartphone,108
12/28/2024,December,North,F003N,Phablet,119
12/7/2024,December,South,F003S,Tablet,122
12/27/2024,December,West,F003W,Smartphone,59
12/3/2024,December,North,F003N,Phablet,101
12/6/2024,December,South,F003S,Tablet,5
12/16/2024,December,West,F002W,Smartphone,31
12/2/2024,December,North,F002N,Phablet,90
12/12/2024,December,South,F001S,Tablet,93
12/19/2024,December,West,F001W,Smartphone,12
12/19/2024,December,North,F001N,Phablet,39
12/8/2024,December,South,F001S,Tablet,10
12/22/2024,December,West,F002W,Smartphone,64
12/15/2024,December,North,F003N,Phablet,43
12/23/2024,December,South,F002S,Tablet,46
12/21/2024,December,West,F003W,Smartphone,39
12/4/2024,December,North,F002N,Phablet,128
12/18/2024,December,South,F003S,Tablet,54
12/3/2024,December,West,F001W,Smartphone,56
12/28/2024,December,North,F001N,Phablet,105
1/17/2024,January,North,F002N,Tablet,14
1/14/2024,January,South,F003S,Smartphone,118
1/12/2024,January,West,F001W,Phablet,117
1/17/2024,January,North,F002N,Tablet,107
1/22/2024,January,South,F001S,Smartphone,12
1/26/2024,January,West,F002W,Phablet,44
1/28/2024,January,North,F002N,Tablet,12
1/11/2024,January,South,F003S,Smartphone,71
1/2/2024,January,West,F002W,Phablet,95
1/12/2024,January,North,F003N,Tablet,99
1/4/2024,January,South,F003S,Smartphone,94
1/22/2024,January,West,F003W,Phablet,27
1/30/2024,January,North,F001N,Tablet,124
1/7/2024,January,South,F001S,Smartphone,45
1/18/2024,January,West,F003W,Phablet,14
1/2/2024,January,North,F001N,Tablet,5
1/30/2024,January,South,F002S,Smartphone,128
1/24/2024,January,West,F003W,Phablet,30
1/18/2024,January,North,F002N,Tablet,132
1/8/2024,January,South,F002S,Smartphone,11
1/12/2024,January,West,F001W,Phablet,123
1/2/2024,January,North,F002N,Tablet,112
1/17/2024,January,South,F003S,Smartphone,103
1/12/2024,January,West,F001W,Phablet,65
1/25/2024,January,North,F001N,Tablet,10
1/20/2024,January,South,F002S,Smartphone,97
1/22/2024,January,West,F001W,Phablet,33
1/2/2024,January,North,F002N,Tablet,61
1/11/2024,January,South,F001S,Smartphone,7
2/13/2024,February,North,F003N,Phablet,3
2/2/2024,February,South,F003S,Tablet,69
3/1/2024,February,West,F003W,Smartphone,89
2/14/2024,February,North,F001N,Phablet,90
2/7/2024,February,South,F001S,Tablet,142
2/1/2024,February,West,F003W,Smartphone,23
2/22/2024,February,North,F002N,Phablet,40
2/27/2024,February,South,F003S,Tablet,34
2/13/2024,February,West,F003W,Smartphone,34
2/28/2024,February,North,F002N,Phablet,28
2/2/2024,February,South,F003S,Tablet,29
2/2/2024,February,West,F002W,Smartphone,75
2/2/2024,February,North,F001N,Phablet,64
2/22/2024,February,South,F002S,Tablet,28
2/15/2024,February,West,F002W,Smartphone,83
2/18/2024,February,North,F003N,Phablet,54
3/1/2024,February,South,F001S,Tablet,5
2/23/2024,February,West,F002W,Smartphone,65
2/3/2024,February,North,F003N,Phablet,117
2/12/2024,February,South,F001S,Tablet,122
2/10/2024,February,West,F002W,Smartphone,20
2/4/2024,February,North,F002N,Phablet,100
2/18/2024,February,South,F003S,Tablet,129
2/7/2024,February,West,F003W,Smartphone,2
2/2/2024,February,North,F001N,Phablet,143
2/16/2024,February,South,F001S,Tablet,81
2/10/2024,February,West,F002W,Smartphone,125
2/27/2024,February,North,F001N,Phablet,9
2/15/2024,February,South,F001S,Tablet,130
2/5/2024,February,West,F002W,Smartphone,119
2/8/2024,February,West,F002W,Smartphone,117
3/21/2024,March,North,F001N,Phablet,121
3/17/2024,March,South,F002S,Tablet,128
3/22/2024,March,West,F001W,Smartphone,51
3/12/2024,March,North,F002N,Phablet,11
3/3/2024,March,South,F003S,Tablet,70
3/23/2024,March,West,F001W,Smartphone,88
3/30/2024,March,North,F003N,Phablet,123
3/20/2024,March,South,F003S,Tablet,57
3/24/2024,March,West,F003W,Smartphone,36
3/14/2024,March,North,F003N,Phablet,7
3/21/2024,March,South,F001S,Tablet,41
3/4/2024,March,West,F003W,Smartphone,106
3/19/2024,March,North,F001N,Phablet,69
3/9/2024,March,South,F003S,Tablet,7
3/24/2024,March,West,F003W,Smartphone,68
3/3/2024,March,North,F002N,Phablet,83
3/13/2024,March,South,F002S,Tablet,55
3/11/2024,March,West,F001W,Smartphone,80
3/11/2024,March,North,F003N,Phablet,126
3/6/2024,March,South,F002S,Tablet,68
3/20/2024,March,West,F003W,Smartphone,33
3/24/2024,March,North,F001N,Phablet,37
3/23/2024,March,South,F002S,Tablet,10
3/15/2024,March,West,F003W,Smartphone,9
3/17/2024,March,North,F003N,Phablet,84
3/27/2024,March,South,F002S,Tablet,60
3/3/2024,March,West,F003W,Smartphone,42
3/21/2024,March,North,F001N,Phablet,121
3/9/2024,March,South,F002S,Tablet,51
3/1/2024,March,West,F002W,Smartphone,5
4/1/2024,April,North,F003N,Phablet,124
4/29/2024,April,South,F002S,Tablet,47
4/29/2024,April,West,F003W,Smartphone,33
4/7/2024,April,North,F003N,Phablet,86
4/8/2024,April,South,F002S,Tablet,34
4/4/2024,April,West,F003W,Smartphone,80
4/27/2024,April,North,F002N,Phablet,105
4/8/2024,April,South,F002S,Tablet,14
4/24/2024,April,West,F003W,Smartphone,17
4/25/2024,April,North,F003N,Phablet,56
4/21/2024,April,South,F001S,Tablet,117
4/28/2024,April,West,F001W,Smartphone,70
4/27/2024,April,North,F001N,Phablet,47
4/20/2024,April,South,F001S,Tablet,27
4/16/2024,April,West,F001W,Smartphone,3
4/30/2024,April,North,F001N,Phablet,20
4/18/2024,April,South,F002S,Tablet,58
4/21/2024,April,West,F001W,Smartphone,4
4/9/2024,April,North,F002N,Phablet,74
4/21/2024,April,South,F001S,Tablet,119
4/20/2024,April,West,F003W,Smartphone,23
4/24/2024,April,North,F001N,Phablet,9
4/23/2024,April,South,F002S,Tablet,89
4/2/2024,April,West,F001W,Smartphone,35
4/10/2024,April,North,F001N,Phablet,95
4/6/2024,April,South,F001S,Tablet,108
4/13/2024,April,West,F002W,Smartphone,55
4/15/2024,April,North,F001N,Phablet,25
4/25/2024,April,South,F001S,Tablet,123
4/1/2024,April,West,F001W,Smartphone,96
4/6/2024,April,North,F002N,Phablet,86
5/9/2024,May,South,F001S,Tablet,108
5/2/2024,May,West,F001W,Smartphone,83
5/15/2024,May,North,F001N,Phablet,63
5/9/2024,May,South,F003S,Tablet,34
5/13/2024,May,West,F003W,Smartphone,33
5/5/2024,May,North,F003N,Phablet,32
5/21/2024,May,South,F003S,Tablet,119
5/1/2024,May,West,F003W,Smartphone,91
5/10/2024,May,North,F001N,Phablet,137
5/22/2024,May,South,F003S,Tablet,46
5/23/2024,May,West,F003W,Smartphone,54
5/20/2024,May,North,F002N,Phablet,81
5/9/2024,May,South,F002S,Tablet,137
5/15/2024,May,West,F002W,Smartphone,88
5/20/2024,May,North,F002N,Phablet,10
5/15/2024,May,South,F003S,Tablet,111
5/1/2024,May,West,F002W,Smartphone,20
5/9/2024,May,North,F003N,Phablet,102
5/10/2024,May,South,F003S,Tablet,7
5/6/2024,May,West,F003W,Smartphone,16
5/13/2024,May,North,F001N,Phablet,141
5/30/2024,May,South,F001S,Tablet,133
5/26/2024,May,West,F001W,Smartphone,97
5/3/2024,May,North,F003N,Phablet,44
5/19/2024,May,South,F003S,Tablet,44
5/12/2024,May,West,F001W,Smartphone,130
5/2/2024,May,North,F003N,Phablet,36
5/16/2024,May,South,F003S,Tablet,90
5/26/2024,May,West,F001W,Smartphone,130
5/2/2024,May,North,F001N,Phablet,18
6/19/2024,June,South,F001S,Tablet,82
6/14/2024,June,West,F002W,Smartphone,140
6/23/2024,June,North,F001N,Phablet,120
6/18/2024,June,South,F002S,Tablet,31
6/2/2024,June,West,F001W,Smartphone,3
6/29/2024,June,North,F002N,Phablet,34
6/3/2024,June,South,F002S,Tablet,138
6/30/2024,June,West,F003W,Smartphone,123
6/21/2024,June,North,F002N,Phablet,53
6/3/2024,June,South,F001S,Tablet,78
6/28/2024,June,West,F001W,Smartphone,67
6/2/2024,June,North,F002N,Phablet,90
6/1/2024,June,South,F003S,Tablet,82
6/25/2024,June,West,F002W,Smartphone,52
6/17/2024,June,North,F001N,Phablet,137
6/26/2024,June,South,F001S,Tablet,15
6/11/2024,June,West,F001W,Smartphone,94
6/4/2024,June,North,F002N,Phablet,43
6/26/2024,June,South,F002S,Tablet,54
6/22/2024,June,West,F003W,Smartphone,86
6/20/2024,June,North,F001N,Phablet,45
6/12/2024,June,South,F001S,Tablet,112
6/22/2024,June,West,F003W,Smartphone,66
6/12/2024,June,North,F002N,Phablet,100
6/22/2024,June,South,F002S,Tablet,127
6/14/2024,June,West,F002W,Smartphone,27
6/5/2024,June,North,F003N,Phablet,36
6/30/2024,June,South,F001S,Tablet,3
7/2/2024,July,West,F003W,Smartphone,48
7/7/2024,July,North,F003N,Phablet,70
7/23/2024,July,South,F001S,Tablet,105
7/20/2024,July,West,F003W,Smartphone,3
7/13/2024,July,North,F003N,Phablet,38
7/6/2024,July,South,F002S,Tablet,50
7/26/2024,July,West,F002W,Smartphone,30
7/25/2024,July,North,F002N,Phablet,122
7/1/2024,July,South,F003S,Tablet,123
7/12/2024,July,West,F001W,Smartphone,8
7/21/2024,July,North,F001N,Phablet,142
7/25/2024,July,South,F001S,Tablet,110
7/13/2024,July,West,F003W,Smartphone,50
7/16/2024,July,North,F003N,Phablet,107
7/28/2024,July,South,F001S,Tablet,5
7/10/2024,July,West,F001W,Smartphone,44
7/9/2024,July,North,F003N,Phablet,134
7/18/2024,July,South,F001S,Tablet,66
7/16/2024,July,West,F003W,Smartphone,81
7/15/2024,July,North,F002N,Phablet,11
7/1/2024,July,South,F002S,Tablet,91
7/29/2024,July,West,F003W,Smartphone,122
7/1/2024,July,North,F001N,Phablet,75
7/29/2024,July,South,F003S,Tablet,19
7/28/2024,July,West,F002W,Smartphone,106
7/13/2024,July,North,F001N,Phablet,106
7/18/2024,July,South,F003S,Tablet,101
7/9/2024,July,West,F002W,Smartphone,39
7/24/2024,July,North,F003N,Phablet,87
7/16/2024,July,South,F003S,Tablet,63
7/19/2024,July,West,F002W,Smartphone,97
8/18/2024,August,North,F001N,Phablet,74
8/23/2024,August,South,F001S,Tablet,44
8/6/2024,August,West,F001W,Smartphone,127
8/20/2024,August,North,F003N,Phablet,115
8/12/2024,August,South,F002S,Tablet,10
8/11/2024,August,West,F002W,Smartphone,93
8/7/2024,August,North,F002N,Phablet,8
8/23/2024,August,South,F002S,Tablet,3
8/27/2024,August,West,F002W,Smartphone,44
8/17/2024,August,North,F003N,Phablet,9
8/9/2024,August,South,F002S,Tablet,146
8/21/2024,August,West,F003W,Smartphone,40
8/20/2024,August,North,F001N,Phablet,132
8/6/2024,August,South,F003S,Tablet,95
8/23/2024,August,West,F003W,Smartphone,10
8/22/2024,August,North,F002N,Phablet,7
8/3/2024,August,South,F002S,Tablet,121
8/28/2024,August,West,F002W,Smartphone,34
8/12/2024,August,North,F001N,Phablet,115
8/10/2024,August,South,F003S,Tablet,117
8/21/2024,August,West,F002W,Smartphone,108
8/19/2024,August,North,F002N,Phablet,8
8/13/2024,August,South,F003S,Tablet,31
8/12/2024,August,West,F001W,Smartphone,88
8/6/2024,August,North,F002N,Phablet,109
8/9/2024,August,South,F002S,Tablet,65
8/22/2024,August,West,F002W,Smartphone,117
8/11/2024,August,North,F001N,Phablet,94
8/25/2024,August,South,F003S,Tablet,53
8/1/2024,August,West,F001W,Smartphone,91
8/6/2024,August,North,F001N,Phablet,130
9/15/2024,September,South,F002S,Tablet,30
9/16/2024,September,West,F002W,Smartphone,42
9/7/2024,September,North,F002N,Phablet,10
9/27/2024,September,South,F003S,Tablet,10
9/26/2024,September,West,F003W,Smartphone,106
9/4/2024,September,North,F003N,Phablet,74
9/23/2024,September,South,F001S,Tablet,3
9/6/2024,September,West,F002W,Smartphone,80
9/15/2024,September,North,F003N,Phablet,59
9/20/2024,September,South,F002S,Tablet,50
9/22/2024,September,West,F002W,Smartphone,69
9/12/2024,September,North,F003N,Phablet,61
9/25/2024,September,South,F003S,Tablet,24
9/2/2024,September,West,F001W,Smartphone,81
9/13/2024,September,North,F001N,Phablet,5
9/6/2024,September,South,F003S,Tablet,60
9/29/2024,September,West,F001W,Smartphone,124
9/21/2024,September,North,F003N,Phablet,64
9/20/2024,September,South,F003S,Tablet,29
9/8/2024,September,West,F003W,Smartphone,116
9/8/2024,September,North,F003N,Phablet,95
9/20/2024,September,South,F001S,Tablet,130
9/1/2024,September,West,F003W,Smartphone,28
9/21/2024,September,North,F003N,Phablet,54
9/28/2024,September,South,F003S,Tablet,83
9/2/2024,September,West,F001W,Smartphone,136
9/10/2024,September,North,F003N,Phablet,12
9/29/2024,September,South,F002S,Tablet,34
9/4/2024,September,West,F001W,Smartphone,71
9/2/2024,September,North,F003N,Phablet,29
9/28/2024,September,South,F003S,Tablet,87
10/18/2024,October,West,F003W,Smartphone,118
10/7/2024,October,North,F002N,Phablet,69
10/7/2024,October,South,F002S,Tablet,123
10/17/2024,October,West,F002W,Smartphone,16
10/26/2024,October,North,F001N,Phablet,91
10/27/2024,October,South,F001S,Tablet,21
10/23/2024,October,West,F002W,Smartphone,126
10/5/2024,October,North,F002N,Phablet,80
10/12/2024,October,South,F003S,Tablet,91
10/6/2024,October,West,F001W,Smartphone,20
10/11/2024,October,North,F003N,Phablet,28
10/10/2024,October,South,F003S,Tablet,112
10/5/2024,October,West,F003W,Smartphone,87
10/4/2024,October,North,F001N,Phablet,132
10/9/2024,October,South,F003S,Tablet,88
10/8/2024,October,West,F003W,Smartphone,108
10/27/2024,October,North,F002N,Phablet,12
10/26/2024,October,South,F001S,Tablet,29
10/15/2024,October,West,F001W,Smartphone,105
10/15/2024,October,North,F003N,Phablet,39
10/6/2024,October,South,F003S,Tablet,48
10/24/2024,October,West,F003W,Smartphone,137
10/24/2024,October,North,F001N,Phablet,34
10/12/2024,October,South,F002S,Tablet,80
10/5/2024,October,West,F003W,Smartphone,12
10/18/2024,October,North,F001N,Phablet,63
10/1/2024,October,South,F002S,Tablet,122
10/24/2024,October,West,F001W,Smartphone,112
10/9/2024,October,North,F001N,Phablet,78
10/23/2024,October,South,F002S,Tablet,63
10/21/2024,October,West,F002W,Smartphone,142
10/24/2024,October,North,F002N,Phablet,29
11/1/2024,November,South,F002S,Tablet,117
11/2/2024,November,West,F003W,Smartphone,21
11/10/2024,November,North,F002N,Phablet,90
11/8/2024,November,South,F001S,Tablet,43
11/17/2024,November,West,F003W,Smartphone,66
11/6/2024,November,North,F002N,Phablet,67
11/25/2024,November,South,F002S,Tablet,74
11/6/2024,November,West,F001W,Smartphone,46
11/10/2024,November,North,F002N,Phablet,105
11/22/2024,November,South,F003S,Tablet,138
11/25/2024,November,West,F002W,Smartphone,85
11/16/2024,November,North,F003N,Phablet,104
11/21/2024,November,South,F001S,Tablet,129
11/14/2024,November,West,F001W,Smartphone,12
11/11/2024,November,North,F002N,Phablet,12
11/13/2024,November,South,F002S,Tablet,56
11/1/2024,November,West,F002W,Smartphone,113
11/15/2024,November,North,F002N,Phablet,97
11/7/2024,November,South,F003S,Tablet,44
11/29/2024,November,West,F001W,Smartphone,102
11/10/2024,November,North,F003N,Phablet,55
11/23/2024,November,South,F001S,Tablet,56
11/7/2024,November,West,F003W,Smartphone,80
11/21/2024,November,North,F003N,Phablet,75
11/19/2024,November,South,F003S,Tablet,6
11/20/2024,November,West,F002W,Smartphone,139
11/2/2024,November,North,F002N,Phablet,41
11/21/2024,November,South,F002S,Tablet,101
11/7/2024,November,West,F003W,Smartphone,9
11/24/2024,November,North,F003N,Phablet,50
12/25/2024,December,South,F001S,Tablet,128
12/1/2024,December,West,F002W,Smartphone,49
12/10/2024,December,North,F002N,Phablet,74
12/1/2024,December,South,F003S,Tablet,17
12/10/2024,December,West,F002W,Smartphone,104
12/9/2024,December,North,F001N,Phablet,5
12/8/2024,December,South,F002S,Tablet,1
12/30/2024,December,West,F003W,Smartphone,54
12/29/2024,December,North,F003N,Phablet,109
12/27/2024,December,South,F003S,Tablet,8
12/9/2024,December,West,F002W,Smartphone,103
12/16/2024,December,North,F001N,Phablet,78
12/23/2024,December,South,F002S,Tablet,146
12/14/2024,December,West,F003W,Smartphone,60
12/7/2024,December,North,F001N,Phablet,90
12/7/2024,December,South,F001S,Tablet,27
12/21/2024,December,West,F002W,Smartphone,113
12/7/2024,December,North,F003N,Phablet,103
12/28/2024,December,South,F002S,Tablet,124
12/11/2024,December,West,F003W,Smartphone,93
12/20/2024,December,North,F003N,Phablet,109
12/20/2024,December,South,F001S,Tablet,28
12/18/2024,December,West,F002W,Smartphone,95
12/4/2024,December,North,F003N,Phablet,135
12/18/2024,December,South,F003S,Tablet,114
12/20/2024,December,West,F003W,Smartphone,13
12/10/2024,December,North,F002N,Phablet,123
1/28/2024,January,North,F001N,Tablet,74
1/21/2024,January,South,F001S,Smartphone,18
1/13/2024,January,West,F002W,Phablet,129
1/8/2024,January,North,F001N,Tablet,56
1/1/2024,January,South,F002S,Smartphone,47
1/1/2024,January,West,F002W,Phablet,48
1/26/2024,January,North,F003N,Tablet,24
1/11/2024,January,South,F003S,Smartphone,92
1/6/2024,January,West,F003W,Phablet,21
1/5/2024,January,North,F003N,Tablet,100
1/28/2024,January,South,F003S,Smartphone,118
1/8/2024,January,West,F002W,Phablet,120
1/16/2024,January,North,F003N,Tablet,55
1/2/2024,January,South,F002S,Smartphone,15
1/9/2024,January,West,F003W,Phablet,95
1/9/2024,January,North,F002N,Tablet,112
1/18/2024,January,South,F001S,Smartphone,45
1/8/2024,January,West,F003W,Phablet,118
1/30/2024,January,North,F003N,Tablet,61
1/12/2024,January,South,F002S,Smartphone,113
1/13/2024,January,West,F002W,Phablet,107
1/23/2024,January,North,F001N,Tablet,28
1/25/2024,January,South,F003S,Smartphone,79
1/8/2024,January,West,F001W,Phablet,68
1/13/2024,January,North,F002N,Tablet,104
1/12/2024,January,South,F001S,Smartphone,102
1/23/2024,January,West,F001W,Phablet,70
1/17/2024,January,North,F001N,Tablet,94
1/16/2024,January,South,F003S,Smartphone,81
2/3/2024,February,North,F001N,Phablet,26
2/28/2024,February,South,F003S,Tablet,28
2/21/2024,February,West,F002W,Smartphone,19
2/22/2024,February,North,F001N,Phablet,119
2/3/2024,February,South,F002S,Tablet,5
2/14/2024,February,West,F003W,Smartphone,65
2/7/2024,February,North,F002N,Phablet,40
2/27/2024,February,South,F001S,Tablet,123
2/28/2024,February,West,F001W,Smartphone,105
2/10/2024,February,North,F002N,Phablet,136
2/27/2024,February,South,F001S,Tablet,52
2/3/2024,February,West,F003W,Smartphone,12
2/16/2024,February,North,F002N,Phablet,26
2/10/2024,February,South,F002S,Tablet,119
2/10/2024,February,West,F003W,Smartphone,100
2/14/2024,February,North,F003N,Phablet,116
2/7/2024,February,South,F002S,Tablet,134
2/26/2024,February,West,F001W,Smartphone,131
2/1/2024,February,North,F002N,Phablet,42
2/27/2024,February,South,F001S,Tablet,49
2/21/2024,February,West,F002W,Smartphone,3
2/3/2024,February,North,F003N,Phablet,16
2/9/2024,February,South,F003S,Tablet,43
2/21/2024,February,West,F002W,Smartphone,86
2/2/2024,February,North,F001N,Phablet,61
2/26/2024,February,South,F003S,Tablet,91
2/12/2024,February,West,F001W,Smartphone,55
2/4/2024,February,North,F001N,Phablet,59
2/4/2024,February,South,F002S,Tablet,94
2/4/2024,February,West,F002W,Smartphone,70
2/14/2024,February,West,F002W,Smartphone,5
3/15/2024,March,North,F001N,Phablet,2
3/25/2024,March,South,F001S,Tablet,66
3/8/2024,March,West,F003W,Smartphone,28
3/28/2024,March,North,F002N,Phablet,50
3/15/2024,March,South,F001S,Tablet,60
3/18/2024,March,West,F001W,Smartphone,75
3/1/2024,March,North,F001N,Phablet,72
3/19/2024,March,South,F001S,Tablet,103
3/13/2024,March,West,F003W,Smartphone,10
3/15/2024,March,North,F002N,Phablet,122
3/12/2024,March,South,F002S,Tablet,9
3/20/2024,March,West,F003W,Smartphone,14
3/21/2024,March,North,F001N,Phablet,63
3/19/2024,March,South,F003S,Tablet,49
3/26/2024,March,West,F003W,Smartphone,80
3/17/2024,March,North,F003N,Phablet,88
3/14/2024,March,South,F001S,Tablet,62
3/13/2024,March,West,F002W,Smartphone,9
3/26/2024,March,North,F003N,Phablet,132
3/11/2024,March,South,F001S,Tablet,42
3/23/2024,March,West,F003W,Smartphone,8
3/23/2024,March,North,F001N,Phablet,87
3/30/2024,March,South,F003S,Tablet,108
3/9/2024,March,West,F003W,Smartphone,4
3/29/2024,March,North,F003N,Phablet,131
3/12/2024,March,South,F001S,Tablet,108
3/6/2024,March,West,F002W,Smartphone,112
3/6/2024,March,North,F003N,Phablet,71
3/23/2024,March,South,F003S,Tablet,112
3/30/2024,March,West,F003W,Smartphone,30
4/14/2024,April,North,F001N,Phablet,11
4/18/2024,April,South,F002S,Tablet,118
4/17/2024,April,West,F001W,Smartphone,84
4/7/2024,April,North,F003N,Phablet,82
4/9/2024,April,South,F002S,Tablet,144
4/30/2024,April,West,F002W,Smartphone,14
4/8/2024,April,North,F001N,Phablet,52
4/10/2024,April,South,F003S,Tablet,114
4/2/2024,April,West,F003W,Smartphone,127
4/9/2024,April,North,F003N,Phablet,116
4/11/2024,April,South,F002S,Tablet,130
4/5/2024,April,West,F003W,Smartphone,0
4/10/2024,April,North,F002N,Phablet,57
4/19/2024,April,South,F001S,Tablet,79
4/3/2024,April,West,F001W,Smartphone,6
4/12/2024,April,North,F001N,Phablet,56
4/6/2024,April,South,F002S,Tablet,64
4/6/2024,April,West,F002W,Smartphone,116
4/4/2024,April,North,F002N,Phablet,118
4/24/2024,April,South,F003S,Tablet,57
4/8/2024,April,West,F001W,Smartphone,105
4/1/2024,April,North,F001N,Phablet,40
4/30/2024,April,South,F001S,Tablet,122
4/24/2024,April,West,F002W,Smartphone,32
4/30/2024,April,North,F002N,Phablet,49
4/13/2024,April,South,F002S,Tablet,31
4/4/2024,April,West,F001W,Smartphone,92
4/9/2024,April,North,F001N,Phablet,111
4/2/2024,April,South,F003S,Tablet,122
4/28/2024,April,West,F001W,Smartphone,138
4/6/2024,April,North,F001N,Phablet,101
5/4/2024,May,South,F002S,Tablet,70
5/25/2024,May,West,F001W,Smartphone,7
5/29/2024,May,North,F001N,Phablet,68
5/30/2024,May,South,F003S,Tablet,50
5/29/2024,May,West,F002W,Smartphone,45
5/10/2024,May,North,F002N,Phablet,44
5/28/2024,May,South,F002S,Tablet,78
5/1/2024,May,West,F002W,Smartphone,83
5/9/2024,May,North,F001N,Phablet,117
5/21/2024,May,South,F001S,Tablet,126
5/10/2024,May,West,F003W,Smartphone,85
5/15/2024,May,North,F001N,Phablet,27
5/23/2024,May,South,F003S,Tablet,103
5/15/2024,May,West,F002W,Smartphone,61
5/18/2024,May,North,F002N,Phablet,127
5/2/2024,May,South,F003S,Tablet,41
5/14/2024,May,West,F001W,Smartphone,119
5/5/2024,May,North,F001N,Phablet,31
5/25/2024,May,South,F001S,Tablet,128
5/7/2024,May,West,F001W,Smartphone,31
5/2/2024,May,North,F002N,Phablet,29
5/16/2024,May,South,F002S,Tablet,130
5/9/2024,May,West,F003W,Smartphone,120
5/21/2024,May,North,F001N,Phablet,83
5/14/2024,May,South,F002S,Tablet,20
5/10/2024,May,West,F003W,Smartphone,33
5/25/2024,May,North,F002N,Phablet,124
5/30/2024,May,South,F001S,Tablet,128
5/24/2024,May,West,F001W,Smartphone,114
5/4/2024,May,North,F001N,Phablet,3
6/11/2024,June,South,F001S,Tablet,64
6/20/2024,June,West,F001W,Smartphone,103
6/19/2024,June,North,F003N,Phablet,47
6/9/2024,June,South,F002S,Tablet,111
6/29/2024,June,West,F003W,Smartphone,125
6/13/2024,June,North,F002N,Phablet,28
6/30/2024,June,South,F002S,Tablet,113
6/16/2024,June,West,F001W,Smartphone,130
6/12/2024,June,North,F001N,Phablet,144
6/9/2024,June,South,F001S,Tablet,11
6/14/2024,June,West,F003W,Smartphone,48
6/16/2024,June,North,F001N,Phablet,45
6/6/2024,June,South,F002S,Tablet,6
6/5/2024,June,West,F003W,Smartphone,4
6/1/2024,June,North,F001N,Phablet,87
6/7/2024,June,South,F002S,Tablet,90
6/29/2024,June,West,F001W,Smartphone,140
6/10/2024,June,North,F001N,Phablet,94
6/27/2024,June,South,F002S,Tablet,68
6/8/2024,June,West,F001W,Smartphone,9
6/30/2024,June,North,F002N,Phablet,146
6/3/2024,June,South,F001S,Tablet,32
6/5/2024,June,West,F003W,Smartphone,60
6/1/2024,June,North,F002N,Phablet,122
6/8/2024,June,South,F003S,Tablet,0
6/17/2024,June,West,F002W,Smartphone,55
6/12/2024,June,North,F001N,Phablet,35
6/7/2024,June,South,F003S,Tablet,111
7/20/2024,July,West,F001W,Smartphone,69
7/14/2024,July,North,F002N,Phablet,79
7/12/2024,July,South,F003S,Tablet,40
7/11/2024,July,West,F001W,Smartphone,95
7/9/2024,July,North,F001N,Phablet,24
7/27/2024,July,South,F001S,Tablet,101
7/22/2024,July,West,F003W,Smartphone,26
7/25/2024,July,North,F003N,Phablet,66
7/20/2024,July,South,F003S,Tablet,46
7/29/2024,July,West,F003W,Smartphone,5
7/23/2024,July,North,F003N,Phablet,120
7/6/2024,July,South,F003S,Tablet,66
7/8/2024,July,West,F002W,Smartphone,109
7/8/2024,July,North,F002N,Phablet,114
7/5/2024,July,South,F003S,Tablet,78
7/17/2024,July,West,F001W,Smartphone,73
7/3/2024,July,North,F002N,Phablet,90
7/7/2024,July,South,F002S,Tablet,84
7/3/2024,July,West,F003W,Smartphone,68
7/29/2024,July,North,F001N,Phablet,20
7/24/2024,July,South,F001S,Tablet,100
7/16/2024,July,West,F003W,Smartphone,115
7/28/2024,July,North,F001N,Phablet,72
7/4/2024,July,South,F002S,Tablet,14
7/24/2024,July,West,F001W,Smartphone,137
7/6/2024,July,North,F002N,Phablet,41
7/6/2024,July,South,F002S,Tablet,32
7/11/2024,July,West,F001W,Smartphone,62
7/5/2024,July,North,F002N,Phablet,53
7/22/2024,July,South,F002S,Tablet,75
7/11/2024,July,West,F001W,Smartphone,117
8/12/2024,August,North,F002N,Phablet,30
8/28/2024,August,South,F003S,Tablet,88
8/2/2024,August,West,F003W,Smartphone,71
8/10/2024,August,North,F001N,Phablet,117
8/20/2024,August,South,F001S,Tablet,51
8/5/2024,August,West,F003W,Smartphone,115
8/18/2024,August,North,F001N,Phablet,59
8/3/2024,August,South,F001S,Tablet,60
8/20/2024,August,West,F002W,Smartphone,57
8/28/2024,August,North,F003N,Phablet,29
8/14/2024,August,South,F003S,Tablet,82
8/24/2024,August,West,F002W,Smartphone,97
8/10/2024,August,North,F003N,Phablet,79
8/22/2024,August,South,F003S,Tablet,77
8/23/2024,August,West,F001W,Smartphone,74
8/28/2024,August,North,F001N,Phablet,62
8/4/2024,August,South,F003S,Tablet,66
8/25/2024,August,West,F002W,Smartphone,136
8/4/2024,August,North,F001N,Phablet,26
8/10/2024,August,South,F001S,Tablet,95
8/23/2024,August,West,F002W,Smartphone,80
8/5/2024,August,North,F001N,Phablet,36
8/2/2024,August,South,F003S,Tablet,108
8/26/2024,August,West,F002W,Smartphone,41
8/11/2024,August,North,F001N,Phablet,91
8/27/2024,August,South,F003S,Tablet,6
8/3/2024,August,West,F001W,Smartphone,115
8/17/2024,August,North,F002N,Phablet,89
8/11/2024,August,South,F001S,Tablet,66
8/28/2024,August,West,F003W,Smartphone,102
8/8/2024,August,North,F001N,Phablet,73
9/20/2024,September,South,F003S,Tablet,7
9/22/2024,September,West,F003W,Smartphone,87
9/30/2024,September,North,F002N,Phablet,32
9/23/2024,September,South,F002S,Tablet,35
9/28/2024,September,West,F001W,Smartphone,99
9/25/2024,September,North,F001N,Phablet,12
9/2/2024,September,South,F001S,Tablet,130
9/29/2024,September,West,F001W,Smartphone,118
9/16/2024,September,North,F003N,Phablet,66
9/20/2024,September,South,F001S,Tablet,115
9/8/2024,September,West,F001W,Smartphone,149
9/1/2024,September,North,F003N,Phablet,28
9/14/2024,September,South,F002S,Tablet,76
9/22/2024,September,West,F001W,Smartphone,46
9/16/2024,September,North,F002N,Phablet,130
9/29/2024,September,South,F001S,Tablet,15
9/14/2024,September,West,F001W,Smartphone,9
9/8/2024,September,North,F002N,Phablet,132
9/11/2024,September,South,F003S,Tablet,108
9/6/2024,September,West,F002W,Smartphone,102
9/16/2024,September,North,F002N,Phablet,72
9/27/2024,September,South,F002S,Tablet,51
9/23/2024,September,West,F002W,Smartphone,77
9/12/2024,September,North,F001N,Phablet,72
9/13/2024,September,South,F003S,Tablet,107
9/23/2024,September,West,F002W,Smartphone,87
9/22/2024,September,North,F002N,Phablet,38
9/21/2024,September,South,F003S,Tablet,89
9/13/2024,September,West,F002W,Smartphone,28
9/19/2024,September,North,F003N,Phablet,113
9/8/2024,September,South,F003S,Tablet,80
10/12/2024,October,West,F001W,Smartphone,45
10/18/2024,October,North,F002N,Phablet,50
10/29/2024,October,South,F001S,Tablet,99
10/28/2024,October,West,F003W,Smartphone,32
10/21/2024,October,North,F002N,Phablet,62
1/19/2024,January,West,F003W,Tablet,94
1/3/2024,January,North,F002N,Smartphone,71
1/23/2024,January,North,F003N,Phablet,12
1/26/2024,January,West,F001W,Tablet,85
1/14/2024,January,North,F003N,Smartphone,25
1/24/2024,January,South,F003S,Phablet,93
1/6/2024,January,North,F002N,Tablet,112
1/7/2024,January,South,F001S,Smartphone,69
1/10/2024,January,South,F002S,Phablet,20
1/29/2024,January,North,F001N,Tablet,149
1/21/2024,January,North,F002N,Smartphone,21
1/11/2024,January,South,F003S,Phablet,9
1/6/2024,January,West,F003W,Tablet,90
1/9/2024,January,North,F003N,Smartphone,79
1/17/2024,January,North,F003N,Phablet,136
1/3/2024,January,North,F001N,Tablet,29
1/7/2024,January,West,F002W,Smartphone,54
1/26/2024,January,North,F003N,Phablet,26
1/12/2024,January,South,F002S,Tablet,75
1/6/2024,January,North,F002N,Smartphone,91
1/18/2024,January,South,F002S,Phablet,90
1/24/2024,January,West,F002W,Tablet,73
1/25/2024,January,West,F003W,Smartphone,127
1/14/2024,January,North,F002N,Phablet,3
1/3/2024,January,West,F002W,Tablet,82
1/21/2024,January,North,F001N,Smartphone,89
1/14/2024,January,North,F001N,Phablet,7
1/28/2024,January,West,F002W,Tablet,96
1/12/2024,January,South,F003S,Smartphone,64
2/3/2024,February,West,F003W,Phablet,0
2/25/2024,February,South,F001S,Tablet,32
2/20/2024,February,West,F002W,Smartphone,64
2/16/2024,February,North,F003N,Phablet,86
2/13/2024,February,North,F001N,Tablet,114
2/2/2024,February,West,F001W,Smartphone,20
2/20/2024,February,South,F003S,Phablet,109
2/1/2024,February,North,F001N,Tablet,22
2/12/2024,February,North,F003N,Smartphone,32
2/23/2024,February,South,F002S,Phablet,107
2/12/2024,February,West,F001W,Tablet,63
2/27/2024,February,West,F002W,Smartphone,20
2/18/2024,February,North,F002N,Phablet,90
2/7/2024,February,West,F001W,Tablet,92
2/26/2024,February,West,F001W,Smartphone,29
2/14/2024,February,West,F003W,Phablet,4
3/1/2024,February,South,F003S,Tablet,125
2/24/2024,February,South,F001S,Smartphone,118
2/6/2024,February,North,F003N,Phablet,86
2/3/2024,February,West,F002W,Tablet,132
2/1/2024,February,West,F001W,Smartphone,72
2/25/2024,February,South,F003S,Phablet,72
2/20/2024,February,North,F003N,Tablet,36
2/28/2024,February,West,F003W,Smartphone,135
2/19/2024,February,West,F001W,Phablet,105
2/8/2024,February,West,F001W,Tablet,89
3/1/2024,February,West,F001W,Smartphone,34
2/18/2024,February,North,F003N,Phablet,96
2/14/2024,February,North,F001N,Tablet,28
2/27/2024,February,West,F003W,Smartphone,71
2/3/2024,February,West,F002W,Smartphone,99
3/16/2024,March,South,F002S,Phablet,73
3/21/2024,March,South,F003S,Tablet,7
3/6/2024,March,North,F001N,Smartphone,76
3/4/2024,March,West,F002W,Phablet,5
3/11/2024,March,South,F001S,Tablet,39
3/25/2024,March,South,F001S,Smartphone,135
3/13/2024,March,South,F001S,Phablet,108
3/16/2024,March,South,F002S,Tablet,110
3/7/2024,March,West,F001W,Smartphone,36
3/22/2024,March,North,F003N,Phablet,53
3/23/2024,March,South,F003S,Tablet,136
3/17/2024,March,North,F002N,Smartphone,42
3/3/2024,March,North,F002N,Phablet,85
3/8/2024,March,North,F003N,Tablet,23
3/24/2024,March,West,F002W,Smartphone,80
3/19/2024,March,South,F003S,Phablet,16
3/28/2024,March,North,F001N,Tablet,35
3/27/2024,March,North,F001N,Smartphone,80
3/26/2024,March,West,F002W,Phablet,21
3/13/2024,March,West,F001W,Tablet,45
3/11/2024,March,South,F002S,Smartphone,140
3/4/2024,March,South,F001S,Phablet,129
3/2/2024,March,North,F002N,Tablet,131
3/22/2024,March,South,F003S,Smartphone,120
3/15/2024,March,North,F002N,Phablet,103
3/12/2024,March,North,F003N,Tablet,32
3/16/2024,March,South,F002S,Smartphone,101
3/23/2024,March,North,F001N,Phablet,5
3/2/2024,March,West,F001W,Tablet,54
3/25/2024,March,South,F003S,Smartphone,105
4/25/2024,April,West,F003W,Phablet,42
4/26/2024,April,North,F003N,Tablet,74
4/21/2024,April,West,F003W,Smartphone,5
4/27/2024,April,South,F001S,Phablet,70
4/10/2024,April,South,F002S,Tablet,92
4/15/2024,April,West,F001W,Smartphone,55
4/2/2024,April,North,F001N,Phablet,59
4/14/2024,April,North,F003N,Tablet,12
4/2/2024,April,North,F003N,Smartphone,34
4/9/2024,April,West,F001W,Phablet,4
4/22/2024,April,North,F002N,Tablet,125
4/15/2024,April,West,F002W,Smartphone,126
4/23/2024,April,South,F003S,Phablet,94
4/29/2024,April,North,F003N,Tablet,128
4/23/2024,April,North,F003N,Smartphone,8
4/21/2024,April,West,F001W,Phablet,32
4/30/2024,April,South,F002S,Tablet,139
4/10/2024,April,South,F002S,Smartphone,72
4/25/2024,April,South,F003S,Phablet,97
4/27/2024,April,North,F002N,Tablet,98
4/5/2024,April,South,F003S,Smartphone,84
4/1/2024,April,South,F002S,Phablet,84
4/10/2024,April,North,F003N,Tablet,89
4/16/2024,April,South,F003S,Smartphone,54
4/19/2024,April,South,F002S,Phablet,122
4/12/2024,April,South,F002S,Tablet,82
4/24/2024,April,South,F003S,Smartphone,22
4/14/2024,April,West,F003W,Phablet,3
4/22/2024,April,South,F003S,Tablet,115
4/4/2024,April,West,F002W,Smartphone,4
4/16/2024,April,West,F001W,Phablet,72
5/2/2024,May,North,F003N,Tablet,96
5/3/2024,May,South,F001S,Smartphone,134
5/2/2024,May,North,F001N,Phablet,139
5/24/2024,May,West,F002W,Tablet,2
5/1/2024,May,West,F001W,Smartphone,43
5/2/2024,May,South,F003S,Phablet,66
5/28/2024,May,North,F002N,Tablet,111
5/17/2024,May,West,F002W,Smartphone,119
5/27/2024,May,South,F001S,Phablet,62
5/6/2024,May,West,F001W,Tablet,52
5/4/2024,May,North,F002N,Smartphone,56
5/15/2024,May,West,F001W,Phablet,80
5/24/2024,May,South,F001S,Tablet,98
5/23/2024,May,North,F001N,Smartphone,55
5/22/2024,May,North,F002N,Phablet,83
5/7/2024,May,North,F003N,Tablet,45
5/25/2024,May,South,F001S,Smartphone,139
5/12/2024,May,South,F002S,Phablet,104
5/7/2024,May,West,F003W,Tablet,33
5/21/2024,May,West,F001W,Smartphone,18
5/6/2024,May,West,F001W,Phablet,42
5/27/2024,May,North,F002N,Tablet,21
5/12/2024,May,South,F001S,Smartphone,9
5/20/2024,May,South,F003S,Phablet,114
5/29/2024,May,North,F001N,Tablet,103
5/30/2024,May,North,F001N,Smartphone,104
5/18/2024,May,West,F002W,Phablet,133
5/19/2024,May,West,F002W,Tablet,127
5/18/2024,May,North,F001N,Smartphone,28
5/12/2024,May,West,F001W,Phablet,68
6/7/2024,June,North,F001N,Tablet,126
6/20/2024,June,North,F001N,Smartphone,136
6/27/2024,June,South,F003S,Phablet,81
6/25/2024,June,South,F001S,Tablet,60
6/16/2024,June,North,F002N,Smartphone,126
6/26/2024,June,South,F003S,Phablet,49
6/23/2024,June,North,F002N,Tablet,110
6/11/2024,June,West,F002W,Smartphone,55
6/4/2024,June,North,F002N,Phablet,136
6/6/2024,June,West,F003W,Tablet,88
6/13/2024,June,West,F002W,Smartphone,41
6/12/2024,June,South,F001S,Phablet,106
6/5/2024,June,North,F003N,Tablet,68
6/16/2024,June,North,F003N,Smartphone,127
6/5/2024,June,North,F002N,Phablet,124
6/21/2024,June,North,F003N,Tablet,82
6/26/2024,June,North,F003N,Smartphone,136
6/16/2024,June,South,F002S,Phablet,102
6/15/2024,June,South,F002S,Tablet,137
6/27/2024,June,West,F002W,Smartphone,130
6/16/2024,June,South,F001S,Phablet,30
6/29/2024,June,North,F003N,Tablet,61
6/24/2024,June,South,F002S,Smartphone,93
6/15/2024,June,South,F003S,Phablet,132
6/11/2024,June,West,F003W,Tablet,76
6/13/2024,June,North,F002N,Smartphone,58
6/27/2024,June,South,F002S,Phablet,108
6/10/2024,June,North,F003N,Tablet,62
7/23/2024,July,North,F001N,Smartphone,111
7/16/2024,July,West,F002W,Phablet,101
7/17/2024,July,West,F002W,Tablet,62
7/13/2024,July,West,F001W,Smartphone,62
7/17/2024,July,West,F003W,Phablet,113
7/21/2024,July,West,F001W,Tablet,115
7/26/2024,July,South,F001S,Smartphone,117
7/9/2024,July,North,F002N,Phablet,54
7/1/2024,July,West,F001W,Tablet,79
7/16/2024,July,North,F002N,Smartphone,3
7/11/2024,July,South,F001S,Phablet,28
7/3/2024,July,West,F001W,Tablet,17
7/13/2024,July,South,F003S,Smartphone,39
7/18/2024,July,West,F001W,Phablet,64
7/5/2024,July,North,F003N,Tablet,14
7/13/2024,July,West,F002W,Smartphone,87
7/21/2024,July,South,F001S,Phablet,116
7/2/2024,July,South,F003S,Tablet,54
7/6/2024,July,West,F001W,Smartphone,80
7/9/2024,July,West,F003W,Phablet,98
7/14/2024,July,North,F003N,Tablet,89
7/28/2024,July,West,F003W,Smartphone,125
7/21/2024,July,South,F003S,Phablet,29
7/7/2024,July,West,F001W,Tablet,22
7/16/2024,July,North,F001N,Smartphone,14
7/2/2024,July,West,F001W,Phablet,113
7/8/2024,July,North,F001N,Tablet,33
7/25/2024,July,West,F003W,Smartphone,108
7/24/2024,July,North,F002N,Phablet,37
7/13/2024,July,South,F001S,Tablet,111
7/24/2024,July,West,F001W,Smartphone,37
8/9/2024,August,West,F002W,Phablet,93
8/11/2024,August,South,F002S,Tablet,119
8/17/2024,August,South,F003S,Smartphone,34
8/13/2024,August,North,F001N,Phablet,12
8/13/2024,August,South,F001S,Tablet,76
8/21/2024,August,North,F001N,Smartphone,60
8/20/2024,August,North,F003N,Phablet,141
8/6/2024,August,South,F003S,Tablet,37
8/8/2024,August,North,F003N,Smartphone,88
8/5/2024,August,North,F003N,Phablet,28
8/15/2024,August,North,F001N,Tablet,68
8/29/2024,August,North,F003N,Smartphone,121
8/5/2024,August,West,F003W,Phablet,106
8/26/2024,August,West,F003W,Tablet,127
8/14/2024,August,North,F003N,Smartphone,11
8/30/2024,August,West,F003W,Phablet,79
8/12/2024,August,South,F002S,Tablet,9
8/11/2024,August,South,F003S,Smartphone,44
8/30/2024,August,West,F002W,Phablet,1
8/8/2024,August,North,F002N,Tablet,128
8/23/2024,August,South,F002S,Smartphone,111
8/7/2024,August,West,F002W,Phablet,24
8/21/2024,August,West,F003W,Tablet,78
8/27/2024,August,West,F003W,Smartphone,61
8/30/2024,August,North,F002N,Phablet,37
8/9/2024,August,South,F001S,Tablet,72
8/12/2024,August,North,F002N,Smartphone,17
8/25/2024,August,West,F001W,Phablet,18
8/5/2024,August,South,F001S,Tablet,40
8/6/2024,August,West,F002W,Smartphone,107
8/25/2024,August,South,F003S,Phablet,26
9/1/2024,September,South,F001S,Tablet,4
9/13/2024,September,North,F001N,Smartphone,38
9/25/2024,September,South,F001S,Phablet,2
9/8/2024,September,West,F001W,Tablet,21
9/27/2024,September,South,F003S,Smartphone,10
9/11/2024,September,North,F001N,Phablet,19
9/15/2024,September,North,F003N,Tablet,91
9/19/2024,September,West,F002W,Smartphone,105
9/25/2024,September,West,F002W,Phablet,15
9/11/2024,September,North,F003N,Tablet,25
9/15/2024,September,North,F001N,Smartphone,1
9/8/2024,September,West,F003W,Phablet,9
9/14/2024,September,South,F003S,Tablet,89
9/29/2024,September,North,F003N,Smartphone,141
9/14/2024,September,West,F002W,Phablet,82
9/26/2024,September,South,F003S,Tablet,11
9/28/2024,September,North,F001N,Smartphone,8
9/26/2024,September,North,F002N,Phablet,47
9/23/2024,September,North,F003N,Tablet,3
9/10/2024,September,South,F002S,Smartphone,74
9/15/2024,September,West,F002W,Phablet,8
9/5/2024,September,West,F002W,Tablet,108
9/1/2024,September,North,F001N,Smartphone,71
9/6/2024,September,West,F003W,Phablet,125
9/23/2024,September,South,F001S,Tablet,7
9/19/2024,September,West,F001W,Smartphone,63
9/19/2024,September,North,F002N,Phablet,146
9/25/2024,September,West,F002W,Tablet,38
9/20/2024,September,South,F003S,Smartphone,43
9/5/2024,September,South,F001S,Phablet,6
9/26/2024,September,West,F001W,Tablet,58
10/30/2024,October,West,F003W,Smartphone,141
10/20/2024,October,North,F002N,Phablet,122
10/6/2024,October,South,F003S,Tablet,92
10/26/2024,October,South,F002S,Smartphone,131
10/27/2024,October,South,F001S,Phablet,84
10/26/2024,October,North,F001N,Tablet,75
10/8/2024,October,West,F001W,Smartphone,48
10/14/2024,October,North,F002N,Phablet,7
10/14/2024,October,West,F002W,Tablet,10
10/19/2024,October,North,F001N,Smartphone,97
10/28/2024,October,North,F003N,Phablet,67
10/5/2024,October,North,F002N,Tablet,48
10/9/2024,October,South,F002S,Smartphone,134
10/9/2024,October,South,F003S,Phablet,109
10/29/2024,October,South,F003S,Tablet,16
10/2/2024,October,West,F003W,Smartphone,100
10/21/2024,October,North,F001N,Phablet,73
10/20/2024,October,West,F002W,Tablet,89
10/14/2024,October,North,F002N,Smartphone,44
10/7/2024,October,North,F003N,Phablet,34
10/4/2024,October,South,F001S,Tablet,76
10/3/2024,October,North,F001N,Smartphone,130
10/24/2024,October,West,F001W,Phablet,85
10/30/2024,October,West,F003W,Tablet,90
10/30/2024,October,North,F002N,Smartphone,9
10/30/2024,October,West,F002W,Phablet,77
10/22/2024,October,West,F003W,Tablet,80
10/30/2024,October,South,F002S,Smartphone,100
10/14/2024,October,West,F003W,Phablet,125
10/17/2024,October,South,F001S,Tablet,46
10/2/2024,October,West,F001W,Smartphone,114
10/2/2024,October,West,F003W,Phablet,41
11/16/2024,November,South,F003S,Tablet,137
11/24/2024,November,West,F002W,Smartphone,64
11/5/2024,November,West,F001W,Phablet,0
11/21/2024,November,West,F002W,Tablet,70
11/27/2024,November,West,F003W,Smartphone,112
11/11/2024,November,South,F002S,Phablet,123
11/11/2024,November,West,F001W,Tablet,16
11/2/2024,November,West,F001W,Smartphone,24
11/20/2024,November,West,F002W,Phablet,51
11/28/2024,November,West,F003W,Tablet,120
11/23/2024,November,West,F003W,Smartphone,44
11/18/2024,November,West,F002W,Phablet,107
11/7/2024,November,North,F003N,Tablet,70
11/20/2024,November,West,F001W,Smartphone,56
11/16/2024,November,South,F002S,Phablet,84
11/2/2024,November,North,F001N,Tablet,132
11/10/2024,November,South,F002S,Smartphone,100
11/19/2024,November,North,F001N,Phablet,70
11/22/2024,November,North,F002N,Tablet,140
11/25/2024,November,West,F002W,Smartphone,29
11/22/2024,November,West,F002W,Phablet,110
11/21/2024,November,North,F003N,Tablet,117
11/27/2024,November,West,F003W,Smartphone,72
11/17/2024,November,South,F003S,Phablet,105
11/18/2024,November,South,F003S,Tablet,82
11/19/2024,November,South,F003S,Smartphone,12
11/23/2024,November,West,F002W,Phablet,39
11/29/2024,November,North,F002N,Tablet,95
11/14/2024,November,West,F003W,Smartphone,114
11/16/2024,November,West,F001W,Phablet,84
12/7/2024,December,South,F001S,Tablet,54
12/18/2024,December,South,F003S,Smartphone,113
12/18/2024,December,South,F002S,Phablet,93
12/2/2024,December,South,F001S,Tablet,127
12/8/2024,December,North,F003N,Smartphone,19
12/24/2024,December,North,F001N,Phablet,44
12/22/2024,December,South,F003S,Tablet,46
12/21/2024,December,North,F003N,Smartphone,18
12/11/2024,December,South,F001S,Phablet,120
12/28/2024,December,West,F001W,Tablet,94
12/18/2024,December,West,F003W,Smartphone,93
12/14/2024,December,West,F002W,Phablet,37
12/20/2024,December,West,F002W,Tablet,3
12/15/2024,December,West,F001W,Smartphone,42
12/16/2024,December,South,F001S,Phablet,145
12/30/2024,December,West,F003W,Tablet,4
12/6/2024,December,West,F002W,Smartphone,28
12/18/2024,December,South,F003S,Phablet,3
12/20/2024,December,North,F001N,Tablet,26
12/22/2024,December,North,F002N,Smartphone,66
12/30/2024,December,West,F002W,Phablet,55
12/22/2024,December,West,F002W,Tablet,54
12/28/2024,December,South,F003S,Smartphone,1
12/9/2024,December,North,F003N,Phablet,122
12/17/2024,December,North,F003N,Tablet,46
12/3/2024,December,North,F002N,Smartphone,1
12/1/2024,December,West,F003W,Phablet,132
1/6/2024,January,North,F003N,Tablet,38
1/25/2024,January,North,F001N,Smartphone,42
1/26/2024,January,South,F001S,Phablet,49
1/7/2024,January,North,F001N,Tablet,100
1/2/2024,January,South,F003S,Smartphone,107
1/26/2024,January,South,F002S,Phablet,81
1/17/2024,January,North,F003N,Tablet,126
1/16/2024,January,West,F002W,Smartphone,75
1/5/2024,January,North,F003N,Phablet,93
1/21/2024,January,South,F003S,Tablet,137
1/27/2024,January,South,F003S,Smartphone,72
1/22/2024,January,North,F001N,Phablet,65
1/20/2024,January,West,F001W,Tablet,101
1/1/2024,January,West,F003W,Smartphone,96
1/16/2024,January,West,F003W,Phablet,84
1/24/2024,January,North,F001N,Tablet,118
1/4/2024,January,North,F002N,Smartphone,130
1/18/2024,January,North,F002N,Phablet,3
1/28/2024,January,West,F003W,Tablet,127
1/6/2024,January,South,F002S,Smartphone,70
1/19/2024,January,North,F001N,Phablet,93
1/28/2024,January,South,F002S,Tablet,37
1/28/2024,January,South,F002S,Smartphone,91
1/7/2024,January,West,F002W,Phablet,108
1/29/2024,January,West,F003W,Tablet,108
1/28/2024,January,North,F003N,Smartphone,134
1/20/2024,January,West,F003W,Phablet,14
1/20/2024,January,South,F001S,Tablet,124
1/2/2024,January,North,F002N,Smartphone,75
2/29/2024,February,West,F003W,Phablet,120
2/15/2024,February,South,F001S,Tablet,66
2/29/2024,February,West,F003W,Smartphone,4
2/19/2024,February,North,F001N,Phablet,63
2/23/2024,February,South,F002S,Tablet,7
2/16/2024,February,West,F002W,Smartphone,44
2/27/2024,February,North,F001N,Phablet,16
2/10/2024,February,South,F003S,Tablet,78
2/3/2024,February,North,F003N,Smartphone,5
2/9/2024,February,North,F002N,Phablet,117
2/22/2024,February,West,F003W,Tablet,61
2/29/2024,February,North,F002N,Smartphone,9
2/17/2024,February,South,F003S,Phablet,56
2/29/2024,February,North,F003N,Tablet,86
2/13/2024,February,North,F002N,Smartphone,104
2/14/2024,February,South,F003S,Phablet,129
2/2/2024,February,South,F003S,Tablet,132
2/26/2024,February,West,F002W,Smartphone,69
2/18/2024,February,South,F003S,Phablet,93
2/16/2024,February,North,F001N,Tablet,8
2/18/2024,February,North,F001N,Smartphone,132
2/2/2024,February,South,F002S,Phablet,46
2/27/2024,February,North,F003N,Tablet,17
2/22/2024,February,South,F001S,Smartphone,124
2/22/2024,February,West,F002W,Phablet,136
2/2/2024,February,West,F002W,Tablet,83
2/22/2024,February,South,F002S,Smartphone,80
3/1/2024,February,South,F001S,Phablet,64
2/23/2024,February,West,F002W,Tablet,99
2/23/2024,February,North,F001N,Smartphone,134
3/1/2024,February,West,F003W,Smartphone,91
3/21/2024,March,North,F003N,Phablet,33
3/23/2024,March,West,F002W,Tablet,91
3/4/2024,March,North,F002N,Smartphone,95
3/28/2024,March,North,F002N,Phablet,3
3/29/2024,March,North,F002N,Tablet,141
3/17/2024,March,North,F003N,Smartphone,34
3/14/2024,March,South,F002S,Phablet,119
3/28/2024,March,South,F002S,Tablet,63
3/23/2024,March,South,F001S,Smartphone,76
3/3/2024,March,South,F002S,Phablet,98
3/22/2024,March,North,F001N,Tablet,86
3/20/2024,March,West,F001W,Smartphone,32
3/24/2024,March,West,F001W,Phablet,113
3/8/2024,March,North,F001N,Tablet,132
3/26/2024,March,South,F003S,Smartphone,130
3/3/2024,March,West,F001W,Phablet,55
3/7/2024,March,South,F003S,Tablet,51
3/2/2024,March,West,F003W,Smartphone,29
3/23/2024,March,South,F003S,Phablet,20
3/4/2024,March,West,F003W,Tablet,39
3/7/2024,March,West,F002W,Smartphone,92
3/21/2024,March,South,F003S,Phablet,26
3/20/2024,March,West,F001W,Tablet,103
3/4/2024,March,North,F002N,Smartphone,140
3/13/2024,March,West,F002W,Phablet,11
3/19/2024,March,North,F002N,Tablet,95
3/22/2024,March,South,F001S,Smartphone,41
3/21/2024,March,South,F001S,Phablet,124
3/24/2024,March,West,F001W,Tablet,110
3/9/2024,March,North,F003N,Smartphone,62
4/21/2024,April,South,F002S,Phablet,43
4/30/2024,April,West,F002W,Tablet,17
4/29/2024,April,North,F003N,Smartphone,149
4/25/2024,April,West,F002W,Phablet,9
4/1/2024,April,North,F001N,Tablet,62
4/29/2024,April,West,F001W,Smartphone,40
4/19/2024,April,South,F001S,Phablet,119
4/26/2024,April,North,F003N,Tablet,83
4/8/2024,April,West,F001W,Smartphone,70
4/3/2024,April,West,F003W,Phablet,128
4/25/2024,April,North,F002N,Tablet,58
4/24/2024,April,North,F002N,Smartphone,10
4/26/2024,April,West,F002W,Phablet,64
4/5/2024,April,North,F003N,Tablet,64
4/20/2024,April,West,F001W,Smartphone,14
4/23/2024,April,West,F001W,Phablet,94
4/24/2024,April,West,F003W,Tablet,113
4/9/2024,April,North,F003N,Smartphone,9
4/12/2024,April,North,F001N,Phablet,104
4/27/2024,April,West,F002W,Tablet,87
4/27/2024,April,West,F003W,Smartphone,117
4/12/2024,April,North,F002N,Phablet,111
4/24/2024,April,West,F001W,Tablet,44
4/6/2024,April,North,F001N,Smartphone,54
4/6/2024,April,North,F002N,Phablet,109
4/30/2024,April,West,F001W,Tablet,133
4/11/2024,April,West,F001W,Smartphone,33
4/25/2024,April,West,F002W,Phablet,11
4/11/2024,April,South,F003S,Tablet,114
4/15/2024,April,West,F002W,Smartphone,116
4/28/2024,April,West,F001W,Phablet,130
5/27/2024,May,North,F002N,Tablet,8
5/24/2024,May,South,F003S,Smartphone,35
5/8/2024,May,North,F002N,Phablet,94
5/10/2024,May,West,F001W,Tablet,101
5/8/2024,May,South,F002S,Smartphone,116
5/14/2024,May,North,F003N,Phablet,128
5/4/2024,May,South,F003S,Tablet,110
5/25/2024,May,North,F003N,Smartphone,54
5/28/2024,May,North,F001N,Phablet,123
5/4/2024,May,North,F003N,Tablet,101
5/20/2024,May,North,F003N,Smartphone,34
5/7/2024,May,North,F001N,Phablet,55
5/11/2024,May,North,F003N,Tablet,118
5/15/2024,May,South,F002S,Smartphone,55
5/3/2024,May,West,F002W,Phablet,87
5/7/2024,May,South,F001S,Tablet,80
5/9/2024,May,West,F001W,Smartphone,47
5/10/2024,May,South,F001S,Phablet,135
5/3/2024,May,South,F003S,Tablet,137
5/30/2024,May,South,F003S,Smartphone,77
5/9/2024,May,South,F001S,Phablet,107
5/21/2024,May,West,F002W,Tablet,9
5/21/2024,May,West,F002W,Smartphone,31
5/22/2024,May,North,F001N,Phablet,96
5/2/2024,May,South,F002S,Tablet,8
5/1/2024,May,West,F001W,Smartphone,58
5/23/2024,May,North,F002N,Phablet,134
5/8/2024,May,West,F001W,Tablet,127
5/26/2024,May,South,F001S,Smartphone,145
5/19/2024,May,South,F003S,Phablet,20
6/15/2024,June,South,F001S,Tablet,61
6/25/2024,June,South,F003S,Smartphone,110
6/19/2024,June,North,F001N,Phablet,23
6/19/2024,June,North,F002N,Tablet,78
6/19/2024,June,West,F001W,Smartphone,130
6/30/2024,June,West,F001W,Phablet,67
6/10/2024,June,North,F001N,Tablet,94
6/13/2024,June,North,F002N,Smartphone,113
6/25/2024,June,North,F002N,Phablet,85
6/2/2024,June,West,F002W,Tablet,126
6/18/2024,June,West,F001W,Smartphone,27
6/21/2024,June,South,F001S,Phablet,111
6/23/2024,June,North,F003N,Tablet,30
6/30/2024,June,West,F003W,Smartphone,136
6/15/2024,June,West,F003W,Phablet,134
6/8/2024,June,North,F003N,Tablet,120
6/6/2024,June,North,F002N,Smartphone,130
6/19/2024,June,North,F002N,Phablet,16
6/10/2024,June,North,F002N,Tablet,56
6/18/2024,June,South,F001S,Smartphone,80
6/5/2024,June,South,F002S,Phablet,118
6/8/2024,June,North,F003N,Tablet,43
6/20/2024,June,South,F003S,Smartphone,97
6/24/2024,June,North,F001N,Phablet,116
6/7/2024,June,West,F001W,Tablet,109
6/19/2024,June,West,F001W,Smartphone,57
6/19/2024,June,South,F002S,Phablet,51
6/28/2024,June,North,F001N,Tablet,7
7/3/2024,July,South,F002S,Smartphone,81
7/29/2024,July,North,F002N,Phablet,136
7/14/2024,July,North,F001N,Tablet,67
7/1/2024,July,South,F003S,Smartphone,29
7/14/2024,July,West,F001W,Phablet,4
7/12/2024,July,West,F001W,Tablet,96
7/3/2024,July,North,F002N,Smartphone,14
7/29/2024,July,North,F002N,Phablet,65
7/22/2024,July,South,F001S,Tablet,42
7/5/2024,July,West,F001W,Smartphone,67
7/8/2024,July,North,F001N,Phablet,0
7/26/2024,July,West,F001W,Tablet,6
7/24/2024,July,West,F003W,Smartphone,91
7/7/2024,July,South,F003S,Phablet,50
7/23/2024,July,North,F002N,Tablet,28
7/7/2024,July,West,F002W,Smartphone,85
7/4/2024,July,North,F002N,Phablet,108
7/9/2024,July,West,F001W,Tablet,46
7/14/2024,July,North,F002N,Smartphone,89
7/28/2024,July,South,F003S,Phablet,81
7/3/2024,July,North,F002N,Tablet,72
7/21/2024,July,North,F002N,Smartphone,36
7/19/2024,July,South,F002S,Phablet,97
7/21/2024,July,West,F002W,Tablet,71
7/8/2024,July,West,F002W,Smartphone,23
7/15/2024,July,West,F001W,Phablet,59
7/1/2024,July,North,F001N,Tablet,138
7/19/2024,July,North,F003N,Smartphone,48
7/1/2024,July,West,F003W,Phablet,13
7/26/2024,July,North,F003N,Tablet,126
7/21/2024,July,North,F002N,Smartphone,130
8/24/2024,August,North,F002N,Phablet,148
8/8/2024,August,South,F002S,Tablet,135
8/16/2024,August,West,F001W,Smartphone,109
8/12/2024,August,South,F002S,Phablet,121
8/21/2024,August,South,F003S,Tablet,96
8/15/2024,August,West,F001W,Smartphone,112
8/24/2024,August,South,F001S,Phablet,90
8/27/2024,August,West,F002W,Tablet,5
8/18/2024,August,South,F001S,Smartphone,71
8/11/2024,August,North,F001N,Phablet,48
8/18/2024,August,South,F003S,Tablet,41
8/18/2024,August,South,F002S,Smartphone,78
8/16/2024,August,South,F002S,Phablet,54
8/27/2024,August,North,F002N,Tablet,125
8/20/2024,August,South,F003S,Smartphone,54
8/27/2024,August,West,F001W,Phablet,128
8/1/2024,August,South,F003S,Tablet,44
8/29/2024,August,West,F002W,Smartphone,126
8/28/2024,August,West,F003W,Phablet,135
8/21/2024,August,North,F001N,Tablet,44
8/27/2024,August,North,F003N,Smartphone,47
8/21/2024,August,West,F001W,Phablet,24
8/14/2024,August,South,F003S,Tablet,21
8/22/2024,August,South,F002S,Smartphone,65
8/6/2024,August,West,F003W,Phablet,17
8/2/2024,August,North,F003N,Tablet,89
8/8/2024,August,West,F003W,Smartphone,109
8/17/2024,August,North,F003N,Phablet,25
8/2/2024,August,South,F003S,Tablet,105
8/4/2024,August,West,F002W,Smartphone,13
8/11/2024,August,South,F002S,Phablet,93
9/19/2024,September,South,F001S,Tablet,78
9/18/2024,September,North,F001N,Smartphone,20
9/23/2024,September,West,F001W,Phablet,0
9/21/2024,September,South,F003S,Tablet,126
9/15/2024,September,South,F003S,Smartphone,122
9/19/2024,September,North,F002N,Phablet,63
9/20/2024,September,West,F002W,Tablet,76
9/19/2024,September,South,F003S,Smartphone,42
9/27/2024,September,West,F001W,Phablet,112
9/22/2024,September,North,F003N,Tablet,6
9/25/2024,September,North,F002N,Smartphone,140
9/6/2024,September,North,F001N,Phablet,131
9/12/2024,September,South,F001S,Tablet,76
9/24/2024,September,North,F003N,Smartphone,93
9/21/2024,September,North,F001N,Phablet,82
9/16/2024,September,West,F002W,Tablet,7
9/28/2024,September,North,F002N,Smartphone,52
9/24/2024,September,West,F002W,Phablet,119
9/7/2024,September,North,F002N,Tablet,44
9/23/2024,September,North,F001N,Smartphone,19
9/17/2024,September,West,F003W,Phablet,121
9/26/2024,September,South,F002S,Tablet,19
9/20/2024,September,West,F003W,Smartphone,33
9/28/2024,September,North,F002N,Phablet,85
9/17/2024,September,West,F001W,Tablet,34
9/12/2024,September,South,F003S,Smartphone,82
9/2/2024,September,South,F001S,Phablet,102
9/21/2024,September,North,F002N,Tablet,94
9/29/2024,September,West,F001W,Smartphone,75
9/22/2024,September,South,F002S,Phablet,25
9/26/2024,September,North,F002N,Tablet,130
10/14/2024,October,West,F003W,Smartphone,113
10/29/2024,October,South,F001S,Phablet,50
10/18/2024,October,West,F003W,Tablet,35
10/1/2024,October,North,F003N,Smartphone,1
10/19/2024,October,North,F001N,Phablet,96
10/3/2024,October,South,F003S,Tablet,19
10/4/2024,October,North,F003N,Smartphone,79
10/16/2024,October,South,F003S,Phablet,98
10/6/2024,October,West,F002W,Tablet,50
10/11/2024,October,South,F003S,Smartphone,13
10/19/2024,October,South,F003S,Phablet,103
10/14/2024,October,North,F003N,Tablet,85
10/5/2024,October,North,F003N,Smartphone,116
10/10/2024,October,North,F003N,Phablet,8
10/3/2024,October,South,F002S,Tablet,96
10/15/2024,October,South,F002S,Smartphone,89
10/16/2024,October,North,F002N,Phablet,33
10/10/2024,October,South,F001S,Tablet,47
10/24/2024,October,South,F002S,Smartphone,17
10/27/2024,October,West,F003W,Phablet,81
10/21/2024,October,West,F003W,Tablet,10
10/9/2024,October,West,F002W,Smartphone,132
10/1/2024,October,North,F003N,Phablet,130
10/13/2024,October,South,F002S,Tablet,110
10/26/2024,October,North,F003N,Smartphone,116
10/14/2024,October,South,F001S,Phablet,140
10/3/2024,October,West,F002W,Tablet,126
10/27/2024,October,South,F001S,Smartphone,52
10/3/2024,October,North,F002N,Phablet,132
10/12/2024,October,West,F003W,Tablet,69
10/5/2024,October,West,F001W,Smartphone,106
10/19/2024,October,North,F002N,Phablet,58
11/12/2024,November,South,F001S,Tablet,10
11/28/2024,November,West,F003W,Smartphone,73
11/30/2024,November,West,F001W,Phablet,62
11/17/2024,November,South,F002S,Tablet,87
11/21/2024,November,North,F001N,Smartphone,27
11/21/2024,November,West,F002W,Phablet,62
11/8/2024,November,South,F002S,Tablet,78
11/12/2024,November,South,F002S,Smartphone,113
11/4/2024,November,North,F001N,Phablet,76
11/18/2024,November,West,F002W,Tablet,79
11/7/2024,November,West,F001W,Smartphone,34
11/15/2024,November,West,F003W,Phablet,131
11/7/2024,November,South,F002S,Tablet,20
11/1/2024,November,West,F001W,Smartphone,101
11/28/2024,November,North,F002N,Phablet,64
11/21/2024,November,North,F001N,Tablet,74
11/23/2024,November,West,F003W,Smartphone,32
11/14/2024,November,West,F001W,Phablet,84
11/22/2024,November,North,F002N,Tablet,34
11/23/2024,November,South,F002S,Smartphone,2
11/14/2024,November,West,F003W,Phablet,89
11/10/2024,November,South,F003S,Tablet,24
11/5/2024,November,West,F003W,Smartphone,52
11/5/2024,November,West,F001W,Phablet,79
11/6/2024,November,South,F001S,Tablet,97
11/5/2024,November,North,F002N,Smartphone,133
11/12/2024,November,North,F001N,Phablet,105
11/23/2024,November,South,F003S,Tablet,88
11/25/2024,November,West,F001W,Smartphone,46
11/15/2024,November,South,F001S,Phablet,80
12/14/2024,December,West,F002W,Tablet,97
12/22/2024,December,North,F001N,Smartphone,118
12/22/2024,December,North,F003N,Phablet,14
12/19/2024,December,West,F003W,Tablet,126
12/11/2024,December,North,F002N,Smartphone,49
12/5/2024,December,West,F002W,Phablet,47
12/26/2024,December,South,F002S,Tablet,56
12/24/2024,December,North,F003N,Smartphone,135
12/27/2024,December,North,F002N,Phablet,11
12/1/2024,December,South,F002S,Tablet,131
12/7/2024,December,North,F003N,Smartphone,80
12/23/2024,December,North,F003N,Phablet,9
12/8/2024,December,North,F001N,Tablet,128
12/8/2024,December,North,F001N,Smartphone,109
12/29/2024,December,North,F003N,Phablet,143
12/27/2024,December,North,F002N,Tablet,37
12/6/2024,December,West,F002W,Smartphone,40
12/8/2024,December,South,F002S,Phablet,45
12/28/2024,December,South,F003S,Tablet,41
12/5/2024,December,South,F001S,Smartphone,84
12/5/2024,December,North,F001N,Phablet,6
12/10/2024,December,North,F001N,Tablet,126
12/9/2024,December,West,F002W,Smartphone,99
12/24/2024,December,South,F001S,Phablet,15
12/7/2024,December,North,F003N,Tablet,59
12/30/2024,December,North,F002N,Smartphone,50
12/11/2024,December,West,F001W,Phablet,64
1/10/2024,January,West,F003W,Tablet,26
1/3/2024,January,West,F001W,Smartphone,5
1/5/2024,January,North,F003N,Phablet,41
1/17/2024,January,West,F003W,Tablet,70
1/22/2024,January,North,F003N,Smartphone,90
1/2/2024,January,North,F001N,Phablet,25
1/14/2024,January,West,F002W,Tablet,53
1/3/2024,January,North,F003N,Smartphone,45
1/6/2024,January,North,F001N,Phablet,94
1/30/2024,January,West,F001W,Tablet,35
1/17/2024,January,North,F001N,Smartphone,135
1/30/2024,January,West,F003W,Phablet,43
1/30/2024,January,West,F001W,Tablet,47
1/24/2024,January,West,F002W,Smartphone,10
1/23/2024,January,South,F001S,Phablet,66
1/16/2024,January,North,F003N,Tablet,36
1/21/2024,January,North,F002N,Smartphone,5
1/17/2024,January,North,F002N,Phablet,53
1/14/2024,January,North,F001N,Tablet,44
1/25/2024,January,North,F001N,Smartphone,9
1/4/2024,January,North,F002N,Phablet,111
1/12/2024,January,West,F003W,Tablet,14
1/15/2024,January,North,F003N,Smartphone,48
1/19/2024,January,South,F003S,Phablet,21
1/20/2024,January,West,F001W,Tablet,18
1/8/2024,January,West,F002W,Smartphone,74
1/29/2024,January,West,F001W,Phablet,64
1/2/2024,January,West,F003W,Tablet,51
1/5/2024,January,North,F002N,Smartphone,24
2/4/2024,February,North,F001N,Phablet,116
2/28/2024,February,North,F001N,Tablet,82
2/5/2024,February,South,F001S,Smartphone,97
2/8/2024,February,West,F003W,Phablet,16
2/19/2024,February,West,F001W,Tablet,127
2/28/2024,February,West,F002W,Smartphone,91
2/13/2024,February,West,F002W,Phablet,47
2/27/2024,February,West,F001W,Tablet,22
2/25/2024,February,South,F002S,Smartphone,19
2/19/2024,February,North,F001N,Phablet,107
2/10/2024,February,North,F002N,Tablet,43
2/5/2024,February,West,F003W,Smartphone,13
2/22/2024,February,South,F001S,Phablet,91
2/6/2024,February,West,F003W,Tablet,125
2/15/2024,February,North,F001N,Smartphone,26
2/15/2024,February,South,F001S,Phablet,86
3/1/2024,February,South,F003S,Tablet,84
2/15/2024,February,North,F001N,Smartphone,57
2/22/2024,February,West,F001W,Phablet,75
2/15/2024,February,South,F003S,Tablet,15
2/18/2024,February,North,F002N,Smartphone,77
2/26/2024,February,West,F003W,Phablet,64
2/26/2024,February,West,F002W,Tablet,77
2/19/2024,February,South,F002S,Smartphone,19
2/20/2024,February,West,F002W,Phablet,111
2/4/2024,February,West,F002W,Tablet,133
2/7/2024,February,North,F001N,Smartphone,102
2/18/2024,February,North,F001N,Phablet,94
2/11/2024,February,South,F002S,Tablet,63
2/13/2024,February,South,F002S,Smartphone,51
2/17/2024,February,North,F003N,Smartphone,113
3/13/2024,March,West,F001W,Phablet,36
3/21/2024,March,West,F003W,Tablet,51
3/9/2024,March,South,F003S,Smartphone,74
3/14/2024,March,North,F003N,Phablet,125
3/18/2024,March,West,F001W,Tablet,18
3/14/2024,March,South,F001S,Smartphone,35
3/14/2024,March,West,F002W,Phablet,106
3/24/2024,March,North,F001N,Tablet,121
3/29/2024,March,South,F003S,Smartphone,105
3/14/2024,March,North,F002N,Phablet,5
3/3/2024,March,North,F002N,Tablet,120
3/20/2024,March,North,F002N,Smartphone,35
3/10/2024,March,North,F002N,Phablet,83
3/25/2024,March,South,F002S,Tablet,64
3/6/2024,March,North,F001N,Smartphone,17
3/12/2024,March,South,F003S,Phablet,49
3/18/2024,March,North,F002N,Tablet,10
3/14/2024,March,South,F001S,Smartphone,24
3/12/2024,March,South,F003S,Phablet,50
3/19/2024,March,West,F003W,Tablet,47
3/24/2024,March,North,F003N,Smartphone,37
3/10/2024,March,West,F003W,Phablet,21
3/2/2024,March,North,F001N,Tablet,22
3/7/2024,March,West,F002W,Smartphone,50
3/23/2024,March,South,F002S,Phablet,81
3/10/2024,March,West,F001W,Tablet,90
3/11/2024,March,South,F002S,Smartphone,147
3/13/2024,March,South,F002S,Phablet,136
3/11/2024,March,South,F003S,Tablet,120
3/12/2024,March,West,F003W,Smartphone,106
4/10/2024,April,West,F002W,Phablet,50
4/1/2024,April,North,F002N,Tablet,73
4/7/2024,April,West,F001W,Smartphone,14
4/29/2024,April,North,F001N,Phablet,77
4/3/2024,April,South,F001S,Tablet,98
4/23/2024,April,South,F001S,Smartphone,63
4/22/2024,April,West,F001W,Phablet,113
4/7/2024,April,South,F002S,Tablet,61
4/5/2024,April,South,F003S,Smartphone,83
4/2/2024,April,South,F002S,Phablet,100
4/8/2024,April,North,F003N,Tablet,51
4/29/2024,April,North,F002N,Smartphone,113
4/23/2024,April,West,F001W,Phablet,103
4/7/2024,April,West,F001W,Tablet,38
4/21/2024,April,West,F001W,Smartphone,49
4/13/2024,April,North,F003N,Phablet,112
4/24/2024,April,West,F003W,Tablet,36
4/13/2024,April,West,F003W,Smartphone,19
4/20/2024,April,North,F003N,Phablet,0
4/27/2024,April,South,F002S,Tablet,124
4/12/2024,April,North,F001N,Smartphone,62
4/3/2024,April,West,F001W,Phablet,51
4/22/2024,April,West,F003W,Tablet,104
4/2/2024,April,West,F002W,Smartphone,128
4/24/2024,April,South,F002S,Phablet,111
4/13/2024,April,North,F002N,Tablet,46
4/23/2024,April,North,F003N,Smartphone,62
4/15/2024,April,South,F003S,Phablet,23
4/23/2024,April,North,F003N,Tablet,71
4/25/2024,April,North,F003N,Smartphone,56
4/25/2024,April,North,F002N,Phablet,20
5/2/2024,May,West,F002W,Tablet,115
5/11/2024,May,South,F003S,Smartphone,112
5/2/2024,May,West,F001W,Phablet,112
5/12/2024,May,North,F002N,Tablet,98
5/21/2024,May,South,F003S,Smartphone,79
5/6/2024,May,South,F002S,Phablet,143
5/11/2024,May,South,F001S,Tablet,124
5/1/2024,May,South,F002S,Smartphone,41
5/19/2024,May,North,F002N,Phablet,62
5/7/2024,May,North,F001N,Tablet,9
5/28/2024,May,North,F002N,Smartphone,98
5/19/2024,May,North,F002N,Phablet,106
5/14/2024,May,North,F002N,Tablet,76
5/18/2024,May,North,F002N,Smartphone,101
5/29/2024,May,North,F002N,Phablet,79
5/19/2024,May,South,F001S,Tablet,96
5/19/2024,May,North,F003N,Smartphone,33
5/23/2024,May,North,F001N,Phablet,61
5/15/2024,May,South,F003S,Tablet,132
5/6/2024,May,West,F002W,Smartphone,129
5/3/2024,May,North,F001N,Phablet,113
5/6/2024,May,South,F003S,Tablet,113
5/3/2024,May,North,F003N,Smartphone,104
5/26/2024,May,South,F002S,Phablet,114
5/29/2024,May,West,F003W,Tablet,76
5/30/2024,May,North,F001N,Smartphone,107
5/8/2024,May,South,F001S,Phablet,108
5/30/2024,May,West,F003W,Tablet,130
5/6/2024,May,North,F001N,Smartphone,9
5/19/2024,May,North,F002N,Phablet,24
6/28/2024,June,South,F003S,Tablet,109
6/1/2024,June,West,F001W,Smartphone,91
6/11/2024,June,West,F002W,Phablet,116
6/6/2024,June,South,F001S,Tablet,30
6/15/2024,June,South,F001S,Smartphone,46
6/22/2024,June,North,F003N,Phablet,23
6/4/2024,June,West,F002W,Tablet,130
6/1/2024,June,West,F002W,Smartphone,61
6/7/2024,June,West,F002W,Phablet,100
6/18/2024,June,West,F003W,Tablet,70
6/4/2024,June,South,F003S,Smartphone,133
6/21/2024,June,South,F003S,Phablet,97
6/15/2024,June,North,F002N,Tablet,22
6/1/2024,June,South,F002S,Smartphone,31
6/11/2024,June,North,F003N,Phablet,12
6/4/2024,June,South,F001S,Tablet,98
6/16/2024,June,West,F001W,Smartphone,87
6/11/2024,June,South,F002S,Phablet,132
6/21/2024,June,North,F001N,Tablet,47
6/10/2024,June,South,F003S,Smartphone,25
6/9/2024,June,South,F001S,Phablet,72
6/8/2024,June,South,F003S,Tablet,76
6/30/2024,June,North,F002N,Smartphone,17
6/18/2024,June,West,F003W,Phablet,115
6/3/2024,June,North,F002N,Tablet,138
6/18/2024,June,West,F001W,Smartphone,11
6/16/2024,June,West,F003W,Phablet,53
6/21/2024,June,South,F001S,Tablet,118
7/21/2024,July,South,F002S,Smartphone,89
7/23/2024,July,South,F001S,Phablet,70
7/7/2024,July,North,F003N,Tablet,68
7/10/2024,July,West,F001W,Smartphone,121
7/2/2024,July,South,F003S,Phablet,81
7/11/2024,July,North,F001N,Tablet,51
7/23/2024,July,West,F001W,Smartphone,135
7/30/2024,July,North,F002N,Phablet,74
7/29/2024,July,North,F001N,Tablet,120
7/28/2024,July,West,F001W,Smartphone,114
7/30/2024,July,North,F003N,Phablet,88
7/10/2024,July,North,F003N,Tablet,26
7/28/2024,July,West,F003W,Smartphone,67
7/5/2024,July,North,F001N,Phablet,73
7/10/2024,July,South,F003S,Tablet,14
7/15/2024,July,South,F003S,Smartphone,91
7/5/2024,July,North,F003N,Phablet,118
7/13/2024,July,North,F003N,Tablet,50
7/21/2024,July,West,F001W,Smartphone,131
7/2/2024,July,West,F003W,Phablet,65
7/19/2024,July,West,F002W,Tablet,25
7/24/2024,July,West,F001W,Smartphone,99
7/19/2024,July,South,F003S,Phablet,113
7/4/2024,July,South,F001S,Tablet,57
7/11/2024,July,North,F001N,Smartphone,118
7/2/2024,July,West,F003W,Phablet,139
7/20/2024,July,West,F001W,Tablet,22
7/24/2024,July,North,F002N,Smartphone,69
7/17/2024,July,South,F003S,Phablet,96
7/14/2024,July,West,F003W,Tablet,118
7/8/2024,July,South,F002S,Smartphone,35
8/22/2024,August,South,F001S,Phablet,49
8/6/2024,August,West,F003W,Tablet,91
8/5/2024,August,West,F003W,Smartphone,17
8/6/2024,August,South,F003S,Phablet,12
8/12/2024,August,West,F001W,Tablet,52
8/7/2024,August,West,F003W,Smartphone,144
8/27/2024,August,North,F001N,Phablet,35
8/27/2024,August,South,F003S,Tablet,49
8/8/2024,August,North,F003N,Smartphone,65
8/6/2024,August,North,F003N,Phablet,86
8/29/2024,August,North,F002N,Tablet,122
8/25/2024,August,South,F003S,Smartphone,65
8/7/2024,August,South,F001S,Phablet,32
8/25/2024,August,North,F003N,Tablet,126
8/6/2024,August,West,F002W,Smartphone,126
8/8/2024,August,West,F002W,Phablet,101
8/4/2024,August,North,F003N,Tablet,10
8/10/2024,August,North,F001N,Smartphone,115
8/23/2024,August,North,F003N,Phablet,91
8/16/2024,August,North,F002N,Tablet,44
8/4/2024,August,South,F003S,Smartphone,67
8/15/2024,August,West,F002W,Phablet,93
8/10/2024,August,North,F003N,Tablet,61
8/22/2024,August,North,F002N,Smartphone,51
8/18/2024,August,North,F002N,Phablet,134
8/7/2024,August,North,F001N,Tablet,119
8/27/2024,August,South,F003S,Smartphone,6
8/28/2024,August,West,F002W,Phablet,133
8/6/2024,August,North,F003N,Tablet,125
8/26/2024,August,North,F001N,Smartphone,70
8/8/2024,August,North,F002N,Phablet,73
9/27/2024,September,South,F002S,Tablet,46
9/27/2024,September,North,F002N,Smartphone,56
9/5/2024,September,South,F003S,Phablet,126
9/13/2024,September,North,F003N,Tablet,24
9/13/2024,September,South,F003S,Smartphone,115
9/4/2024,September,North,F001N,Phablet,32
9/4/2024,September,North,F002N,Tablet,75
9/30/2024,September,North,F003N,Smartphone,108
9/9/2024,September,West,F001W,Phablet,57
9/15/2024,September,West,F002W,Tablet,94
9/1/2024,September,North,F003N,Smartphone,98
9/14/2024,September,West,F001W,Phablet,3
9/10/2024,September,South,F002S,Tablet,108
9/18/2024,September,North,F003N,Smartphone,9
9/17/2024,September,South,F001S,Phablet,96
9/13/2024,September,South,F003S,Tablet,95
9/5/2024,September,North,F002N,Smartphone,24
9/9/2024,September,West,F002W,Phablet,90
9/18/2024,September,North,F002N,Tablet,23
9/12/2024,September,West,F001W,Smartphone,90
9/29/2024,September,North,F001N,Phablet,121
9/11/2024,September,North,F002N,Tablet,126
9/23/2024,September,West,F001W,Smartphone,60
9/8/2024,September,North,F001N,Phablet,55
9/23/2024,September,North,F002N,Tablet,99
9/13/2024,September,North,F001N,Smartphone,31
9/22/2024,September,North,F002N,Phablet,66
9/6/2024,September,West,F001W,Tablet,7
9/20/2024,September,North,F002N,Smartphone,9
9/11/2024,September,West,F003W,Phablet,122
9/12/2024,September,South,F003S,Tablet,114
10/23/2024,October,North,F003N,Smartphone,58
10/17/2024,October,South,F001S,Phablet,84
10/11/2024,October,West,F002W,Tablet,68
10/21/2024,October,West,F001W,Smartphone,131
10/2/2024,October,South,F002S,Phablet,123
10/23/2024,October,North,F002N,Tablet,9
10/8/2024,October,South,F001S,Smartphone,97
10/22/2024,October,West,F002W,Phablet,5
10/5/2024,October,North,F003N,Tablet,75
10/21/2024,October,South,F002S,Smartphone,72
10/17/2024,October,North,F001N,Phablet,91
10/10/2024,October,North,F001N,Tablet,138
1/17/2024,January,South,F003S,Tablet,100
1/7/2024,January,South,F003S,Smartphone,24
1/17/2024,January,West,F003W,Smartphone,59
1/25/2024,January,West,F001W,Phablet,32
1/23/2024,January,West,F002W,Smartphone,109
1/23/2024,January,West,F001W,Phablet,106
1/11/2024,January,West,F003W,Smartphone,73
2/12/2024,February,North,F002N,Smartphone,54
2/11/2024,February,North,F003N,Tablet,64
2/18/2024,February,North,F001N,Smartphone,137
2/21/2024,February,South,F001S,Smartphone,112
2/2/2024,February,South,F003S,Phablet,10
2/20/2024,February,South,F002S,Smartphone,51
2/25/2024,February,South,F003S,Phablet,106
2/11/2024,February,West,F002W,Phablet,34
3/6/2024,March,North,F003N,Smartphone,67
3/18/2024,March,North,F003N,Phablet,26
3/18/2024,March,South,F002S,Smartphone,90
3/8/2024,March,West,F001W,Tablet,37
3/8/2024,March,West,F003W,Phablet,43
3/8/2024,March,West,F003W,Tablet,95
3/30/2024,March,West,F003W,Smartphone,83
3/7/2024,March,West,F001W,Tablet,53
4/14/2024,April,North,F002N,Tablet,52
4/23/2024,April,North,F003N,Phablet,7
4/19/2024,April,South,F002S,Tablet,93
4/21/2024,April,South,F003S,Smartphone,41
4/28/2024,April,West,F003W,Tablet,18
4/23/2024,April,West,F001W,Smartphone,81
4/9/2024,April,West,F001W,Tablet,9
5/7/2024,May,North,F003N,Phablet,46
5/3/2024,May,South,F003S,Phablet,98
5/7/2024,May,West,F002W,Tablet,27
5/1/2024,May,West,F001W,Tablet,87
5/17/2024,May,West,F003W,Phablet,95
6/21/2024,June,North,F003N,Tablet,105
6/29/2024,June,South,F003S,Smartphone,48
6/11/2024,June,South,F003S,Phablet,127
6/4/2024,June,South,F003S,Smartphone,11
6/23/2024,June,South,F001S,Phablet,108
6/5/2024,June,West,F003W,Phablet,60
6/8/2024,June,West,F003W,Tablet,87
6/14/2024,June,West,F001W,Phablet,128
7/9/2024,July,North,F003N,Smartphone,16
7/14/2024,July,North,F001N,Phablet,130
7/2/2024,July,South,F001S,Tablet,5
7/11/2024,July,West,F001W,Tablet,67
7/17/2024,July,West,F002W,Phablet,91
8/11/2024,August,North,F001N,Tablet,31
8/19/2024,August,North,F002N,Smartphone,3
8/2/2024,August,South,F001S,Phablet,66
8/24/2024,August,South,F001S,Phablet,87
8/6/2024,August,West,F001W,Tablet,112
9/16/2024,September,North,F002N,Tablet,97
9/9/2024,September,South,F003S,Phablet,115
9/12/2024,September,South,F002S,Phablet,127
9/10/2024,September,West,F001W,Phablet,51
9/24/2024,September,West,F001W,Smartphone,5
10/4/2024,October,North,F001N,Tablet,88
10/28/2024,October,North,F003N,Smartphone,138
2/1/2024,February,North,F002N,Smartphone,60
10/14/2024,October,North,F001N,Smartphone,118
10/27/2024,October,South,F001S,Tablet,81
10/8/2024,October,South,F003S,Phablet,96
10/14/2024,October,South,F002S,Tablet,100
10/26/2024,October,South,F002S,Smartphone,97
10/17/2024,October,South,F002S,Phablet,45
10/25/2024,October,West,F002W,Smartphone,121
10/10/2024,October,West,F003W,Tablet,40
10/30/2024,October,North,F002N,Tablet,29
11/29/2024,November,North,F003N,Smartphone,28
11/28/2024,November,North,F002N,Smartphone,72
11/26/2024,November,North,F002N,Tablet,95
11/26/2024,November,North,F001N,Smartphone,17
11/14/2024,November,South,F001S,Smartphone,32
11/22/2024,November,South,F003S,Phablet,60
11/20/2024,November,South,F001S,Tablet,84
11/5/2024,November,South,F002S,Smartphone,139
11/8/2024,November,South,F001S,Phablet,62
11/8/2024,November,West,F003W,Tablet,129
11/30/2024,November,West,F002W,Phablet,50
11/13/2024,November,West,F003W,Tablet,62
11/20/2024,November,West,F002W,Smartphone,47
11/20/2024,November,West,F001W,Phablet,68
12/7/2024,December,North,F001N,Tablet,108
12/28/2024,December,North,F003N,Tablet,200
12/17/2024,December,North,F001N,Smartphone,200
12/5/2024,December,North,F002N,Phablet,167
12/13/2024,December,South,F003S,Smartphone,179
12/1/2024,December,South,F002S,Phablet,111
12/29/2024,December,South,F003S,Tablet,98
12/30/2024,December,South,F001S,Phablet,234
12/3/2024,December,South,F002S,Tablet,258
12/2/2024,December,South,F003S,Smartphone,123
12/7/2024,December,West,F001W,Phablet,123
12/14/2024,December,West,F003W,Phablet,169
12/10/2024,December,West,F001W,Tablet,162
2/1/2024,February,North,F002N,Smartphone,119
10/14/2024,October,North,F002N,Smartphone,302
10/27/2024,October,South,F003S,Tablet,331
10/8/2024,October,South,F001S,Phablet,244
10/14/2024,October,South,F003S,Tablet,306
10/26/2024,October,South,F003S,Smartphone,119
10/17/2024,October,South,F001S,Phablet,234
10/25/2024,October,West,F003W,Smartphone,125
10/10/2024,October,West,F002W,Tablet,194
10/30/2024,October,North,F003N,Tablet,289
11/3/2024,November,North,F001N,Smartphone,301
11/7/2024,November,North,F002N,Smartphone,155
11/4/2024,November,North,F002N,Tablet,241
11/17/2024,November,North,F002N,Smartphone,229
11/17/2024,November,South,F003S,Smartphone,330
11/11/2024,November,South,F002S,Phablet,166
11/29/2024,November,South,F001S,Tablet,336
11/7/2024,November,South,F002S,Smartphone,330
11/4/2024,November,South,F002S,Phablet,301
11/25/2024,November,West,F002W,Tablet,272
11/2/2024,November,West,F002W,Phablet,211
11/13/2024,November,West,F001W,Tablet,182
11/25/2024,November,West,F002W,Smartphone,216
11/29/2024,November,West,F001W,Phablet,146
12/24/2024,December,North,F003N,Tablet,171
12/25/2024,December,North,F001N,Tablet,159
12/9/2024,December,North,F001N,Smartphone,350
12/26/2024,December,North,F002N,Phablet,240
12/12/2024,December,South,F001S,Smartphone,246
12/29/2024,December,South,F003S,Phablet,179
12/21/2024,December,South,F001S,Tablet,270
12/4/2024,December,South,F002S,Phablet,159
12/16/2024,December,South,F001S,Tablet,138
12/1/2024,December,South,F003S,Smartphone,269
12/29/2024,December,West,F003W,Phablet,155
12/21/2024,December,West,F003W,Phablet,147
12/2/2024,December,West,F001W,Tablet,190
8/11/2024,August,South,F002S,Phablet,275
8/22/2024,August,South,F002S,Phablet,317
8/4/2024,August,West,F001W,Tablet,183
9/24/2024,September,North,F001N,Tablet,152
9/16/2024,September,South,F003S,Phablet,309
9/14/2024,September,South,F003S,Phablet,110
9/12/2024,September,West,F001W,Phablet,134
9/20/2024,September,West,F003W,Smartphone,233
10/27/2024,October,North,F002N,Tablet,192
10/23/2024,October,North,F003N,Smartphone,141